1.0000,0.0000,3.0000,-1.0000,-1.0000,-1.0000,22.0000,1.0000,0.0000,-1.0000,7.0000,-1.0000,-1.0000
2.0000,1.0000,1.0000,-1.0000,-1.0000,-1.0000,38.0000,1.0000,0.0000,-1.0000,71.0000,-1.0000,-1.0000
3.0000,1.0000,3.0000,-1.0000,-1.0000,-1.0000,26.0000,0.0000,0.0000,-1.0000,7.0000,-1.0000,-1.0000
4.0000,1.0000,1.0000,-1.0000,-1.0000,-1.0000,35.0000,1.0000,0.0000,113803.0000,53.0000,-1.0000,-1.0000
5.0000,0.0000,3.0000,-1.0000,-1.0000,-1.0000,35.0000,0.0000,0.0000,373450.0000,8.0000,-1.0000,-1.0000
6.0000,0.0000,3.0000,-1.0000,-1.0000,-1.0000,-1.0000,0.0000,0.0000,330877.0000,8.0000,-1.0000,-1.0000
7.0000,0.0000,1.0000,-1.0000,-1.0000,-1.0000,54.0000,0.0000,0.0000,17463.0000,51.0000,-1.0000,-1.0000
8.0000,0.0000,3.0000,-1.0000,-1.0000,-1.0000,2.0000,3.0000,1.0000,349909.0000,21.0000,-1.0000,-1.0000
9.0000,1.0000,3.0000,-1.0000,-1.0000,-1.0000,27.0000,0.0000,2.0000,347742.0000,11.0000,-1.0000,-1.0000
10.0000,1.0000,2.0000,-1.0000,-1.0000,-1.0000,14.0000,1.0000,0.0000,237736.0000,30.0000,-1.0000,-1.0000
11.0000,1.0000,3.0000,-1.0000,-1.0000,-1.0000,4.0000,1.0000,1.0000,-1.0000,16.0000,-1.0000,-1.0000
12.0000,1.0000,1.0000,-1.0000,-1.0000,-1.0000,58.0000,0.0000,0.0000,113783.0000,26.0000,-1.0000,-1.0000
13.0000,0.0000,3.0000,-1.0000,-1.0000,-1.0000,20.0000,0.0000,0.0000,-1.0000,8.0000,-1.0000,-1.0000
14.0000,0.0000,3.0000,-1.0000,-1.0000,-1.0000,39.0000,1.0000,5.0000,347082.0000,31.0000,-1.0000,-1.0000
15.0000,0.0000,3.0000,-1.0000,-1.0000,-1.0000,14.0000,0.0000,0.0000,350406.0000,7.0000,-1.0000,-1.0000
16.0000,1.0000,2.0000,-1.0000,-1.0000,-1.0000,55.0000,0.0000,0.0000,248706.0000,16.0000,-1.0000,-1.0000
17.0000,0.0000,3.0000,-1.0000,-1.0000,-1.0000,2.0000,4.0000,1.0000,382652.0000,29.0000,-1.0000,-1.0000
18.0000,1.0000,2.0000,-1.0000,-1.0000,-1.0000,-1.0000,0.0000,0.0000,244373.0000,13.0000,-1.0000,-1.0000
19.0000,0.0000,3.0000,-1.0000,-1.0000,-1.0000,31.0000,1.0000,0.0000,345763.0000,18.0000,-1.0000,-1.0000
20.0000,1.0000,3.0000,-1.0000,-1.0000,-1.0000,-1.0000,0.0000,0.0000,2649.0000,7.0000,-1.0000,-1.0000
21.0000,0.0000,2.0000,-1.0000,-1.0000,-1.0000,35.0000,0.0000,0.0000,239865.0000,26.0000,-1.0000,-1.0000
22.0000,1.0000,2.0000,-1.0000,-1.0000,-1.0000,34.0000,0.0000,0.0000,248698.0000,13.0000,-1.0000,-1.0000
23.0000,1.0000,3.0000,-1.0000,-1.0000,-1.0000,15.0000,0.0000,0.0000,330923.0000,8.0000,-1.0000,-1.0000
24.0000,1.0000,1.0000,-1.0000,-1.0000,-1.0000,28.0000,0.0000,0.0000,113788.0000,35.0000,-1.0000,-1.0000
25.0000,0.0000,3.0000,-1.0000,-1.0000,-1.0000,8.0000,3.0000,1.0000,349909.0000,21.0000,-1.0000,-1.0000
26.0000,1.0000,3.0000,-1.0000,-1.0000,-1.0000,38.0000,1.0000,5.0000,347077.0000,31.0000,-1.0000,-1.0000
27.0000,0.0000,3.0000,-1.0000,-1.0000,-1.0000,-1.0000,0.0000,0.0000,2631.0000,7.0000,-1.0000,-1.0000
28.0000,0.0000,1.0000,-1.0000,-1.0000,-1.0000,19.0000,3.0000,2.0000,19950.0000,263.0000,-1.0000,-1.0000
29.0000,1.0000,3.0000,-1.0000,-1.0000,-1.0000,-1.0000,0.0000,0.0000,330959.0000,7.0000,-1.0000,-1.0000
30.0000,0.0000,3.0000,-1.0000,-1.0000,-1.0000,-1.0000,0.0000,0.0000,349216.0000,7.0000,-1.0000,-1.0000
31.0000,0.0000,1.0000,-1.0000,-1.0000,-1.0000,40.0000,0.0000,0.0000,-1.0000,27.0000,-1.0000,-1.0000
32.0000,1.0000,1.0000,-1.0000,-1.0000,-1.0000,-1.0000,1.0000,0.0000,-1.0000,146.0000,-1.0000,-1.0000
33.0000,1.0000,3.0000,-1.0000,-1.0000,-1.0000,-1.0000,0.0000,0.0000,335677.0000,7.0000,-1.0000,-1.0000
34.0000,0.0000,2.0000,-1.0000,-1.0000,-1.0000,66.0000,0.0000,0.0000,-1.0000,10.0000,-1.0000,-1.0000
35.0000,0.0000,1.0000,-1.0000,-1.0000,-1.0000,28.0000,1.0000,0.0000,-1.0000,82.0000,-1.0000,-1.0000
36.0000,0.0000,1.0000,-1.0000,-1.0000,-1.0000,42.0000,1.0000,0.0000,113789.0000,52.0000,-1.0000,-1.0000
37.0000,1.0000,3.0000,-1.0000,-1.0000,-1.0000,-1.0000,0.0000,0.0000,2677.0000,7.0000,-1.0000,-1.0000
38.0000,0.0000,3.0000,-1.0000,-1.0000,-1.0000,21.0000,0.0000,0.0000,-1.0000,8.0000,-1.0000,-1.0000
39.0000,0.0000,3.0000,-1.0000,-1.0000,-1.0000,18.0000,2.0000,0.0000,345764.0000,18.0000,-1.0000,-1.0000
40.0000,1.0000,3.0000,-1.0000,-1.0000,-1.0000,14.0000,1.0000,0.0000,2651.0000,11.0000,-1.0000,-1.0000
41.0000,0.0000,3.0000,-1.0000,-1.0000,-1.0000,40.0000,1.0000,0.0000,7546.0000,9.0000,-1.0000,-1.0000
42.0000,0.0000,2.0000,-1.0000,-1.0000,-1.0000,27.0000,1.0000,0.0000,11668.0000,21.0000,-1.0000,-1.0000
43.0000,0.0000,3.0000,-1.0000,-1.0000,-1.0000,-1.0000,0.0000,0.0000,349253.0000,7.0000,-1.0000,-1.0000
44.0000,1.0000,2.0000,-1.0000,-1.0000,-1.0000,3.0000,1.0000,2.0000,-1.0000,41.0000,-1.0000,-1.0000
45.0000,1.0000,3.0000,-1.0000,-1.0000,-1.0000,19.0000,0.0000,0.0000,330958.0000,7.0000,-1.0000,-1.0000
46.0000,0.0000,3.0000,-1.0000,-1.0000,-1.0000,-1.0000,0.0000,0.0000,-1.0000,8.0000,-1.0000,-1.0000
47.0000,0.0000,3.0000,-1.0000,-1.0000,-1.0000,-1.0000,1.0000,0.0000,370371.0000,15.0000,-1.0000,-1.0000
48.0000,1.0000,3.0000,-1.0000,-1.0000,-1.0000,-1.0000,0.0000,0.0000,14311.0000,7.0000,-1.0000,-1.0000
49.0000,0.0000,3.0000,-1.0000,-1.0000,-1.0000,-1.0000,2.0000,0.0000,2662.0000,21.0000,-1.0000,-1.0000
50.0000,0.0000,3.0000,-1.0000,-1.0000,-1.0000,18.0000,1.0000,0.0000,349237.0000,17.0000,-1.0000,-1.0000
51.0000,0.0000,3.0000,-1.0000,-1.0000,-1.0000,7.0000,4.0000,1.0000,3101295.0000,39.0000,-1.0000,-1.0000
52.0000,0.0000,3.0000,-1.0000,-1.0000,-1.0000,21.0000,0.0000,0.0000,-1.0000,7.0000,-1.0000,-1.0000
53.0000,1.0000,1.0000,-1.0000,-1.0000,-1.0000,49.0000,1.0000,0.0000,-1.0000,76.0000,-1.0000,-1.0000
54.0000,1.0000,2.0000,-1.0000,-1.0000,-1.0000,29.0000,1.0000,0.0000,2926.0000,26.0000,-1.0000,-1.0000
55.0000,0.0000,1.0000,-1.0000,-1.0000,-1.0000,65.0000,0.0000,1.0000,113509.0000,61.0000,-1.0000,-1.0000
56.0000,1.0000,1.0000,-1.0000,-1.0000,-1.0000,-1.0000,0.0000,0.0000,19947.0000,35.0000,-1.0000,-1.0000
57.0000,1.0000,2.0000,-1.0000,-1.0000,-1.0000,21.0000,0.0000,0.0000,-1.0000,10.0000,-1.0000,-1.0000
58.0000,0.0000,3.0000,-1.0000,-1.0000,-1.0000,28.0000,0.0000,0.0000,2697.0000,7.0000,-1.0000,-1.0000
59.0000,1.0000,2.0000,-1.0000,-1.0000,-1.0000,5.0000,1.0000,2.0000,-1.0000,27.0000,-1.0000,-1.0000
60.0000,0.0000,3.0000,-1.0000,-1.0000,-1.0000,11.0000,5.0000,2.0000,-1.0000,46.0000,-1.0000,-1.0000
61.0000,0.0000,3.0000,-1.0000,-1.0000,-1.0000,22.0000,0.0000,0.0000,2669.0000,7.0000,-1.0000,-1.0000
62.0000,1.0000,1.0000,-1.0000,-1.0000,-1.0000,38.0000,0.0000,0.0000,113572.0000,80.0000,-1.0000,-1.0000
63.0000,0.0000,1.0000,-1.0000,-1.0000,-1.0000,45.0000,1.0000,0.0000,36973.0000,83.0000,-1.0000,-1.0000
64.0000,0.0000,3.0000,-1.0000,-1.0000,-1.0000,4.0000,3.0000,2.0000,347088.0000,27.0000,-1.0000,-1.0000
65.0000,0.0000,1.0000,-1.0000,-1.0000,-1.0000,-1.0000,0.0000,0.0000,-1.0000,27.0000,-1.0000,-1.0000
66.0000,1.0000,3.0000,-1.0000,-1.0000,-1.0000,-1.0000,1.0000,1.0000,2661.0000,15.0000,-1.0000,-1.0000
67.0000,1.0000,2.0000,-1.0000,-1.0000,-1.0000,29.0000,0.0000,0.0000,-1.0000,10.0000,-1.0000,-1.0000
68.0000,0.0000,3.0000,-1.0000,-1.0000,-1.0000,19.0000,0.0000,0.0000,-1.0000,8.0000,-1.0000,-1.0000
69.0000,1.0000,3.0000,-1.0000,-1.0000,-1.0000,17.0000,4.0000,2.0000,3101281.0000,7.0000,-1.0000,-1.0000
70.0000,0.0000,3.0000,-1.0000,-1.0000,-1.0000,26.0000,2.0000,0.0000,315151.0000,8.0000,-1.0000,-1.0000
71.0000,0.0000,2.0000,-1.0000,-1.0000,-1.0000,32.0000,0.0000,0.0000,-1.0000,10.0000,-1.0000,-1.0000
72.0000,0.0000,3.0000,-1.0000,-1.0000,-1.0000,16.0000,5.0000,2.0000,-1.0000,46.0000,-1.0000,-1.0000
73.0000,0.0000,2.0000,-1.0000,-1.0000,-1.0000,21.0000,0.0000,0.0000,-1.0000,73.0000,-1.0000,-1.0000
74.0000,0.0000,3.0000,-1.0000,-1.0000,-1.0000,26.0000,1.0000,0.0000,2680.0000,14.0000,-1.0000,-1.0000
75.0000,1.0000,3.0000,-1.0000,-1.0000,-1.0000,32.0000,0.0000,0.0000,1601.0000,56.0000,-1.0000,-1.0000
76.0000,0.0000,3.0000,-1.0000,-1.0000,-1.0000,25.0000,0.0000,0.0000,348123.0000,7.0000,-1.0000,-1.0000
77.0000,0.0000,3.0000,-1.0000,-1.0000,-1.0000,-1.0000,0.0000,0.0000,349208.0000,7.0000,-1.0000,-1.0000
78.0000,0.0000,3.0000,-1.0000,-1.0000,-1.0000,-1.0000,0.0000,0.0000,374746.0000,8.0000,-1.0000,-1.0000
79.0000,1.0000,2.0000,-1.0000,-1.0000,-1.0000,0.0000,0.0000,2.0000,248738.0000,29.0000,-1.0000,-1.0000
80.0000,1.0000,3.0000,-1.0000,-1.0000,-1.0000,30.0000,0.0000,0.0000,364516.0000,12.0000,-1.0000,-1.0000
81.0000,0.0000,3.0000,-1.0000,-1.0000,-1.0000,22.0000,0.0000,0.0000,345767.0000,9.0000,-1.0000,-1.0000
82.0000,1.0000,3.0000,-1.0000,-1.0000,-1.0000,29.0000,0.0000,0.0000,345779.0000,9.0000,-1.0000,-1.0000
83.0000,1.0000,3.0000,-1.0000,-1.0000,-1.0000,-1.0000,0.0000,0.0000,330932.0000,7.0000,-1.0000,-1.0000
84.0000,0.0000,1.0000,-1.0000,-1.0000,-1.0000,28.0000,0.0000,0.0000,113059.0000,47.0000,-1.0000,-1.0000
85.0000,1.0000,2.0000,-1.0000,-1.0000,-1.0000,17.0000,0.0000,0.0000,-1.0000,10.0000,-1.0000,-1.0000
86.0000,1.0000,3.0000,-1.0000,-1.0000,-1.0000,33.0000,3.0000,0.0000,3101278.0000,15.0000,-1.0000,-1.0000
87.0000,0.0000,3.0000,-1.0000,-1.0000,-1.0000,16.0000,1.0000,3.0000,-1.0000,34.0000,-1.0000,-1.0000
88.0000,0.0000,3.0000,-1.0000,-1.0000,-1.0000,-1.0000,0.0000,0.0000,-1.0000,8.0000,-1.0000,-1.0000
89.0000,1.0000,1.0000,-1.0000,-1.0000,-1.0000,23.0000,3.0000,2.0000,19950.0000,263.0000,-1.0000,-1.0000
90.0000,0.0000,3.0000,-1.0000,-1.0000,-1.0000,24.0000,0.0000,0.0000,343275.0000,8.0000,-1.0000,-1.0000
91.0000,0.0000,3.0000,-1.0000,-1.0000,-1.0000,29.0000,0.0000,0.0000,343276.0000,8.0000,-1.0000,-1.0000
92.0000,0.0000,3.0000,-1.0000,-1.0000,-1.0000,20.0000,0.0000,0.0000,347466.0000,7.0000,-1.0000,-1.0000
93.0000,0.0000,1.0000,-1.0000,-1.0000,-1.0000,46.0000,1.0000,0.0000,-1.0000,61.0000,-1.0000,-1.0000
94.0000,0.0000,3.0000,-1.0000,-1.0000,-1.0000,26.0000,1.0000,2.0000,-1.0000,20.0000,-1.0000,-1.0000
95.0000,0.0000,3.0000,-1.0000,-1.0000,-1.0000,59.0000,0.0000,0.0000,364500.0000,7.0000,-1.0000,-1.0000
96.0000,0.0000,3.0000,-1.0000,-1.0000,-1.0000,-1.0000,0.0000,0.0000,374910.0000,8.0000,-1.0000,-1.0000
97.0000,0.0000,1.0000,-1.0000,-1.0000,-1.0000,71.0000,0.0000,0.0000,-1.0000,34.0000,-1.0000,-1.0000
98.0000,1.0000,1.0000,-1.0000,-1.0000,-1.0000,23.0000,0.0000,1.0000,-1.0000,63.0000,-1.0000,-1.0000
99.0000,1.0000,2.0000,-1.0000,-1.0000,-1.0000,34.0000,0.0000,1.0000,231919.0000,23.0000,-1.0000,-1.0000
100.0000,0.0000,2.0000,-1.0000,-1.0000,-1.0000,34.0000,1.0000,0.0000,244367.0000,26.0000,-1.0000,-1.0000
101.0000,0.0000,3.0000,-1.0000,-1.0000,-1.0000,28.0000,0.0000,0.0000,349245.0000,7.0000,-1.0000,-1.0000
102.0000,0.0000,3.0000,-1.0000,-1.0000,-1.0000,-1.0000,0.0000,0.0000,349215.0000,7.0000,-1.0000,-1.0000
103.0000,0.0000,1.0000,-1.0000,-1.0000,-1.0000,21.0000,0.0000,1.0000,35281.0000,77.0000,-1.0000,-1.0000
104.0000,0.0000,3.0000,-1.0000,-1.0000,-1.0000,33.0000,0.0000,0.0000,7540.0000,8.0000,-1.0000,-1.0000
105.0000,0.0000,3.0000,-1.0000,-1.0000,-1.0000,37.0000,2.0000,0.0000,3101276.0000,7.0000,-1.0000,-1.0000
106.0000,0.0000,3.0000,-1.0000,-1.0000,-1.0000,28.0000,0.0000,0.0000,349207.0000,7.0000,-1.0000,-1.0000
107.0000,1.0000,3.0000,-1.0000,-1.0000,-1.0000,21.0000,0.0000,0.0000,343120.0000,7.0000,-1.0000,-1.0000
108.0000,1.0000,3.0000,-1.0000,-1.0000,-1.0000,-1.0000,0.0000,0.0000,312991.0000,7.0000,-1.0000,-1.0000
109.0000,0.0000,3.0000,-1.0000,-1.0000,-1.0000,38.0000,0.0000,0.0000,349249.0000,7.0000,-1.0000,-1.0000
110.0000,1.0000,3.0000,-1.0000,-1.0000,-1.0000,-1.0000,1.0000,0.0000,371110.0000,24.0000,-1.0000,-1.0000
111.0000,0.0000,1.0000,-1.0000,-1.0000,-1.0000,47.0000,0.0000,0.0000,110465.0000,52.0000,-1.0000,-1.0000
112.0000,0.0000,3.0000,-1.0000,-1.0000,-1.0000,14.0000,1.0000,0.0000,2665.0000,14.0000,-1.0000,-1.0000
113.0000,0.0000,3.0000,-1.0000,-1.0000,-1.0000,22.0000,0.0000,0.0000,324669.0000,8.0000,-1.0000,-1.0000
114.0000,0.0000,3.0000,-1.0000,-1.0000,-1.0000,20.0000,1.0000,0.0000,4136.0000,9.0000,-1.0000,-1.0000
115.0000,0.0000,3.0000,-1.0000,-1.0000,-1.0000,17.0000,0.0000,0.0000,2627.0000,14.0000,-1.0000,-1.0000
116.0000,0.0000,3.0000,-1.0000,-1.0000,-1.0000,21.0000,0.0000,0.0000,-1.0000,7.0000,-1.0000,-1.0000
117.0000,0.0000,3.0000,-1.0000,-1.0000,-1.0000,70.0000,0.0000,0.0000,370369.0000,7.0000,-1.0000,-1.0000
118.0000,0.0000,2.0000,-1.0000,-1.0000,-1.0000,29.0000,1.0000,0.0000,11668.0000,21.0000,-1.0000,-1.0000
119.0000,0.0000,1.0000,-1.0000,-1.0000,-1.0000,24.0000,0.0000,1.0000,-1.0000,247.0000,-1.0000,-1.0000
120.0000,0.0000,3.0000,-1.0000,-1.0000,-1.0000,2.0000,4.0000,2.0000,347082.0000,31.0000,-1.0000,-1.0000
121.0000,0.0000,2.0000,-1.0000,-1.0000,-1.0000,21.0000,2.0000,0.0000,-1.0000,73.0000,-1.0000,-1.0000
122.0000,0.0000,3.0000,-1.0000,-1.0000,-1.0000,-1.0000,0.0000,0.0000,-1.0000,8.0000,-1.0000,-1.0000
123.0000,0.0000,2.0000,-1.0000,-1.0000,-1.0000,32.0000,1.0000,0.0000,237736.0000,30.0000,-1.0000,-1.0000
124.0000,1.0000,2.0000,-1.0000,-1.0000,-1.0000,32.0000,0.0000,0.0000,27267.0000,13.0000,-1.0000,-1.0000
125.0000,0.0000,1.0000,-1.0000,-1.0000,-1.0000,54.0000,0.0000,1.0000,35281.0000,77.0000,-1.0000,-1.0000
126.0000,1.0000,3.0000,-1.0000,-1.0000,-1.0000,12.0000,1.0000,0.0000,2651.0000,11.0000,-1.0000,-1.0000
127.0000,0.0000,3.0000,-1.0000,-1.0000,-1.0000,-1.0000,0.0000,0.0000,370372.0000,7.0000,-1.0000,-1.0000
128.0000,1.0000,3.0000,-1.0000,-1.0000,-1.0000,24.0000,0.0000,0.0000,-1.0000,7.0000,-1.0000,-1.0000
129.0000,1.0000,3.0000,-1.0000,-1.0000,-1.0000,-1.0000,1.0000,1.0000,2668.0000,22.0000,-1.0000,-1.0000
130.0000,0.0000,3.0000,-1.0000,-1.0000,-1.0000,45.0000,0.0000,0.0000,347061.0000,6.0000,-1.0000,-1.0000
131.0000,0.0000,3.0000,-1.0000,-1.0000,-1.0000,33.0000,0.0000,0.0000,349241.0000,7.0000,-1.0000,-1.0000
132.0000,0.0000,3.0000,-1.0000,-1.0000,-1.0000,20.0000,0.0000,0.0000,-1.0000,7.0000,-1.0000,-1.0000
133.0000,0.0000,3.0000,-1.0000,-1.0000,-1.0000,47.0000,1.0000,0.0000,-1.0000,14.0000,-1.0000,-1.0000
134.0000,1.0000,2.0000,-1.0000,-1.0000,-1.0000,29.0000,1.0000,0.0000,228414.0000,26.0000,-1.0000,-1.0000
135.0000,0.0000,2.0000,-1.0000,-1.0000,-1.0000,25.0000,0.0000,0.0000,-1.0000,13.0000,-1.0000,-1.0000
136.0000,0.0000,2.0000,-1.0000,-1.0000,-1.0000,23.0000,0.0000,0.0000,-1.0000,15.0000,-1.0000,-1.0000
137.0000,1.0000,1.0000,-1.0000,-1.0000,-1.0000,19.0000,0.0000,2.0000,11752.0000,26.0000,-1.0000,-1.0000
138.0000,0.0000,1.0000,-1.0000,-1.0000,-1.0000,37.0000,1.0000,0.0000,113803.0000,53.0000,-1.0000,-1.0000
139.0000,0.0000,3.0000,-1.0000,-1.0000,-1.0000,16.0000,0.0000,0.0000,7534.0000,9.0000,-1.0000,-1.0000
140.0000,0.0000,1.0000,-1.0000,-1.0000,-1.0000,24.0000,0.0000,0.0000,-1.0000,79.0000,-1.0000,-1.0000
141.0000,0.0000,3.0000,-1.0000,-1.0000,-1.0000,-1.0000,0.0000,2.0000,2678.0000,15.0000,-1.0000,-1.0000
142.0000,1.0000,3.0000,-1.0000,-1.0000,-1.0000,22.0000,0.0000,0.0000,347081.0000,7.0000,-1.0000,-1.0000
143.0000,1.0000,3.0000,-1.0000,-1.0000,-1.0000,24.0000,1.0000,0.0000,-1.0000,15.0000,-1.0000,-1.0000
144.0000,0.0000,3.0000,-1.0000,-1.0000,-1.0000,19.0000,0.0000,0.0000,365222.0000,6.0000,-1.0000,-1.0000
145.0000,0.0000,2.0000,-1.0000,-1.0000,-1.0000,18.0000,0.0000,0.0000,231945.0000,11.0000,-1.0000,-1.0000
146.0000,0.0000,2.0000,-1.0000,-1.0000,-1.0000,19.0000,1.0000,1.0000,-1.0000,36.0000,-1.0000,-1.0000
147.0000,1.0000,3.0000,-1.0000,-1.0000,-1.0000,27.0000,0.0000,0.0000,350043.0000,7.0000,-1.0000,-1.0000
148.0000,0.0000,3.0000,-1.0000,-1.0000,-1.0000,9.0000,2.0000,2.0000,-1.0000,34.0000,-1.0000,-1.0000
149.0000,0.0000,2.0000,-1.0000,-1.0000,-1.0000,36.0000,0.0000,2.0000,230080.0000,26.0000,-1.0000,-1.0000
150.0000,0.0000,2.0000,-1.0000,-1.0000,-1.0000,42.0000,0.0000,0.0000,244310.0000,13.0000,-1.0000,-1.0000
151.0000,0.0000,2.0000,-1.0000,-1.0000,-1.0000,51.0000,0.0000,0.0000,-1.0000,12.0000,-1.0000,-1.0000
152.0000,1.0000,1.0000,-1.0000,-1.0000,-1.0000,22.0000,1.0000,0.0000,113776.0000,66.0000,-1.0000,-1.0000
153.0000,0.0000,3.0000,-1.0000,-1.0000,-1.0000,55.0000,0.0000,0.0000,-1.0000,8.0000,-1.0000,-1.0000
154.0000,0.0000,3.0000,-1.0000,-1.0000,-1.0000,40.0000,0.0000,2.0000,-1.0000,14.0000,-1.0000,-1.0000
155.0000,0.0000,3.0000,-1.0000,-1.0000,-1.0000,-1.0000,0.0000,0.0000,-1.0000,7.0000,-1.0000,-1.0000
156.0000,0.0000,1.0000,-1.0000,-1.0000,-1.0000,51.0000,0.0000,1.0000,-1.0000,61.0000,-1.0000,-1.0000
157.0000,1.0000,3.0000,-1.0000,-1.0000,-1.0000,16.0000,0.0000,0.0000,35851.0000,7.0000,-1.0000,-1.0000
158.0000,0.0000,3.0000,-1.0000,-1.0000,-1.0000,30.0000,0.0000,0.0000,-1.0000,8.0000,-1.0000,-1.0000
159.0000,0.0000,3.0000,-1.0000,-1.0000,-1.0000,-1.0000,0.0000,0.0000,315037.0000,8.0000,-1.0000,-1.0000
160.0000,0.0000,3.0000,-1.0000,-1.0000,-1.0000,-1.0000,8.0000,2.0000,-1.0000,69.0000,-1.0000,-1.0000
161.0000,0.0000,3.0000,-1.0000,-1.0000,-1.0000,44.0000,0.0000,1.0000,371362.0000,16.0000,-1.0000,-1.0000
162.0000,1.0000,2.0000,-1.0000,-1.0000,-1.0000,40.0000,0.0000,0.0000,-1.0000,15.0000,-1.0000,-1.0000
163.0000,0.0000,3.0000,-1.0000,-1.0000,-1.0000,26.0000,0.0000,0.0000,347068.0000,7.0000,-1.0000,-1.0000
164.0000,0.0000,3.0000,-1.0000,-1.0000,-1.0000,17.0000,0.0000,0.0000,315093.0000,8.0000,-1.0000,-1.0000
165.0000,0.0000,3.0000,-1.0000,-1.0000,-1.0000,1.0000,4.0000,1.0000,3101295.0000,39.0000,-1.0000,-1.0000
166.0000,1.0000,3.0000,-1.0000,-1.0000,-1.0000,9.0000,0.0000,2.0000,363291.0000,20.0000,-1.0000,-1.0000
167.0000,1.0000,1.0000,-1.0000,-1.0000,-1.0000,-1.0000,0.0000,1.0000,113505.0000,55.0000,-1.0000,-1.0000
168.0000,0.0000,3.0000,-1.0000,-1.0000,-1.0000,45.0000,1.0000,4.0000,347088.0000,27.0000,-1.0000,-1.0000
169.0000,0.0000,1.0000,-1.0000,-1.0000,-1.0000,-1.0000,0.0000,0.0000,-1.0000,25.0000,-1.0000,-1.0000
170.0000,0.0000,3.0000,-1.0000,-1.0000,-1.0000,28.0000,0.0000,0.0000,1601.0000,56.0000,-1.0000,-1.0000
171.0000,0.0000,1.0000,-1.0000,-1.0000,-1.0000,61.0000,0.0000,0.0000,111240.0000,33.0000,-1.0000,-1.0000
172.0000,0.0000,3.0000,-1.0000,-1.0000,-1.0000,4.0000,4.0000,1.0000,382652.0000,29.0000,-1.0000,-1.0000
173.0000,1.0000,3.0000,-1.0000,-1.0000,-1.0000,1.0000,1.0000,1.0000,347742.0000,11.0000,-1.0000,-1.0000
174.0000,0.0000,3.0000,-1.0000,-1.0000,-1.0000,21.0000,0.0000,0.0000,-1.0000,7.0000,-1.0000,-1.0000
175.0000,0.0000,1.0000,-1.0000,-1.0000,-1.0000,56.0000,0.0000,0.0000,17764.0000,30.0000,-1.0000,-1.0000
176.0000,0.0000,3.0000,-1.0000,-1.0000,-1.0000,18.0000,1.0000,1.0000,350404.0000,7.0000,-1.0000,-1.0000
177.0000,0.0000,3.0000,-1.0000,-1.0000,-1.0000,-1.0000,3.0000,1.0000,4133.0000,25.0000,-1.0000,-1.0000
178.0000,0.0000,1.0000,-1.0000,-1.0000,-1.0000,50.0000,0.0000,0.0000,-1.0000,28.0000,-1.0000,-1.0000
179.0000,0.0000,2.0000,-1.0000,-1.0000,-1.0000,30.0000,0.0000,0.0000,250653.0000,13.0000,-1.0000,-1.0000
180.0000,0.0000,3.0000,-1.0000,-1.0000,-1.0000,36.0000,0.0000,0.0000,-1.0000,0.0000,-1.0000,-1.0000
181.0000,0.0000,3.0000,-1.0000,-1.0000,-1.0000,-1.0000,8.0000,2.0000,-1.0000,69.0000,-1.0000,-1.0000
182.0000,0.0000,2.0000,-1.0000,-1.0000,-1.0000,-1.0000,0.0000,0.0000,-1.0000,15.0000,-1.0000,-1.0000
183.0000,0.0000,3.0000,-1.0000,-1.0000,-1.0000,9.0000,4.0000,2.0000,347077.0000,31.0000,-1.0000,-1.0000
184.0000,1.0000,2.0000,-1.0000,-1.0000,-1.0000,1.0000,2.0000,1.0000,230136.0000,39.0000,-1.0000,-1.0000
185.0000,1.0000,3.0000,-1.0000,-1.0000,-1.0000,4.0000,0.0000,2.0000,315153.0000,22.0000,-1.0000,-1.0000
186.0000,0.0000,1.0000,-1.0000,-1.0000,-1.0000,-1.0000,0.0000,0.0000,113767.0000,50.0000,-1.0000,-1.0000
187.0000,1.0000,3.0000,-1.0000,-1.0000,-1.0000,-1.0000,1.0000,0.0000,370365.0000,15.0000,-1.0000,-1.0000
188.0000,1.0000,1.0000,-1.0000,-1.0000,-1.0000,45.0000,0.0000,0.0000,111428.0000,26.0000,-1.0000,-1.0000
189.0000,0.0000,3.0000,-1.0000,-1.0000,-1.0000,40.0000,1.0000,1.0000,364849.0000,15.0000,-1.0000,-1.0000
190.0000,0.0000,3.0000,-1.0000,-1.0000,-1.0000,36.0000,0.0000,0.0000,349247.0000,7.0000,-1.0000,-1.0000
191.0000,1.0000,2.0000,-1.0000,-1.0000,-1.0000,32.0000,0.0000,0.0000,234604.0000,13.0000,-1.0000,-1.0000
192.0000,0.0000,2.0000,-1.0000,-1.0000,-1.0000,19.0000,0.0000,0.0000,28424.0000,13.0000,-1.0000,-1.0000
193.0000,1.0000,3.0000,-1.0000,-1.0000,-1.0000,19.0000,1.0000,0.0000,350046.0000,7.0000,-1.0000,-1.0000
194.0000,1.0000,2.0000,-1.0000,-1.0000,-1.0000,3.0000,1.0000,1.0000,230080.0000,26.0000,-1.0000,-1.0000
195.0000,1.0000,1.0000,-1.0000,-1.0000,-1.0000,44.0000,0.0000,0.0000,-1.0000,27.0000,-1.0000,-1.0000
196.0000,1.0000,1.0000,-1.0000,-1.0000,-1.0000,58.0000,0.0000,0.0000,-1.0000,146.0000,-1.0000,-1.0000
197.0000,0.0000,3.0000,-1.0000,-1.0000,-1.0000,-1.0000,0.0000,0.0000,368703.0000,7.0000,-1.0000,-1.0000
198.0000,0.0000,3.0000,-1.0000,-1.0000,-1.0000,42.0000,0.0000,1.0000,4579.0000,8.0000,-1.0000,-1.0000
199.0000,1.0000,3.0000,-1.0000,-1.0000,-1.0000,-1.0000,0.0000,0.0000,370370.0000,7.0000,-1.0000,-1.0000
200.0000,0.0000,2.0000,-1.0000,-1.0000,-1.0000,24.0000,0.0000,0.0000,248747.0000,13.0000,-1.0000,-1.0000
201.0000,0.0000,3.0000,-1.0000,-1.0000,-1.0000,28.0000,0.0000,0.0000,345770.0000,9.0000,-1.0000,-1.0000
202.0000,0.0000,3.0000,-1.0000,-1.0000,-1.0000,-1.0000,8.0000,2.0000,-1.0000,69.0000,-1.0000,-1.0000
203.0000,0.0000,3.0000,-1.0000,-1.0000,-1.0000,34.0000,0.0000,0.0000,3101264.0000,6.0000,-1.0000,-1.0000
204.0000,0.0000,3.0000,-1.0000,-1.0000,-1.0000,45.0000,0.0000,0.0000,2628.0000,7.0000,-1.0000,-1.0000
205.0000,1.0000,3.0000,-1.0000,-1.0000,-1.0000,18.0000,0.0000,0.0000,-1.0000,8.0000,-1.0000,-1.0000
206.0000,0.0000,3.0000,-1.0000,-1.0000,-1.0000,2.0000,0.0000,1.0000,347054.0000,10.0000,-1.0000,-1.0000
207.0000,0.0000,3.0000,-1.0000,-1.0000,-1.0000,32.0000,1.0000,0.0000,3101278.0000,15.0000,-1.0000,-1.0000
208.0000,1.0000,3.0000,-1.0000,-1.0000,-1.0000,26.0000,0.0000,0.0000,2699.0000,18.0000,-1.0000,-1.0000
209.0000,1.0000,3.0000,-1.0000,-1.0000,-1.0000,16.0000,0.0000,0.0000,367231.0000,7.0000,-1.0000,-1.0000
210.0000,1.0000,1.0000,-1.0000,-1.0000,-1.0000,40.0000,0.0000,0.0000,112277.0000,31.0000,-1.0000,-1.0000
211.0000,0.0000,3.0000,-1.0000,-1.0000,-1.0000,24.0000,0.0000,0.0000,-1.0000,7.0000,-1.0000,-1.0000
212.0000,1.0000,2.0000,-1.0000,-1.0000,-1.0000,35.0000,0.0000,0.0000,-1.0000,21.0000,-1.0000,-1.0000
213.0000,0.0000,3.0000,-1.0000,-1.0000,-1.0000,22.0000,0.0000,0.0000,-1.0000,7.0000,-1.0000,-1.0000
214.0000,0.0000,2.0000,-1.0000,-1.0000,-1.0000,30.0000,0.0000,0.0000,250646.0000,13.0000,-1.0000,-1.0000
215.0000,0.0000,3.0000,-1.0000,-1.0000,-1.0000,-1.0000,1.0000,0.0000,367229.0000,7.0000,-1.0000,-1.0000
216.0000,1.0000,1.0000,-1.0000,-1.0000,-1.0000,31.0000,1.0000,0.0000,35273.0000,113.0000,-1.0000,-1.0000
217.0000,1.0000,3.0000,-1.0000,-1.0000,-1.0000,27.0000,0.0000,0.0000,-1.0000,7.0000,-1.0000,-1.0000
218.0000,0.0000,2.0000,-1.0000,-1.0000,-1.0000,42.0000,1.0000,0.0000,243847.0000,27.0000,-1.0000,-1.0000
219.0000,1.0000,1.0000,-1.0000,-1.0000,-1.0000,32.0000,0.0000,0.0000,11813.0000,76.0000,-1.0000,-1.0000
220.0000,0.0000,2.0000,-1.0000,-1.0000,-1.0000,30.0000,0.0000,0.0000,-1.0000,10.0000,-1.0000,-1.0000
221.0000,1.0000,3.0000,-1.0000,-1.0000,-1.0000,16.0000,0.0000,0.0000,-1.0000,8.0000,-1.0000,-1.0000
222.0000,0.0000,2.0000,-1.0000,-1.0000,-1.0000,27.0000,0.0000,0.0000,220367.0000,13.0000,-1.0000,-1.0000
223.0000,0.0000,3.0000,-1.0000,-1.0000,-1.0000,51.0000,0.0000,0.0000,21440.0000,8.0000,-1.0000,-1.0000
224.0000,0.0000,3.0000,-1.0000,-1.0000,-1.0000,-1.0000,0.0000,0.0000,349234.0000,7.0000,-1.0000,-1.0000
225.0000,1.0000,1.0000,-1.0000,-1.0000,-1.0000,38.0000,1.0000,0.0000,19943.0000,90.0000,-1.0000,-1.0000
226.0000,0.0000,3.0000,-1.0000,-1.0000,-1.0000,22.0000,0.0000,0.0000,-1.0000,9.0000,-1.0000,-1.0000
227.0000,1.0000,2.0000,-1.0000,-1.0000,-1.0000,19.0000,0.0000,0.0000,-1.0000,10.0000,-1.0000,-1.0000
228.0000,0.0000,3.0000,-1.0000,-1.0000,-1.0000,20.0000,0.0000,0.0000,-1.0000,7.0000,-1.0000,-1.0000
229.0000,0.0000,2.0000,-1.0000,-1.0000,-1.0000,18.0000,0.0000,0.0000,236171.0000,13.0000,-1.0000,-1.0000
230.0000,0.0000,3.0000,-1.0000,-1.0000,-1.0000,-1.0000,3.0000,1.0000,4133.0000,25.0000,-1.0000,-1.0000
231.0000,1.0000,1.0000,-1.0000,-1.0000,-1.0000,35.0000,1.0000,0.0000,36973.0000,83.0000,-1.0000,-1.0000
232.0000,0.0000,3.0000,-1.0000,-1.0000,-1.0000,29.0000,0.0000,0.0000,347067.0000,7.0000,-1.0000,-1.0000
233.0000,0.0000,2.0000,-1.0000,-1.0000,-1.0000,59.0000,0.0000,0.0000,237442.0000,13.0000,-1.0000,-1.0000
234.0000,1.0000,3.0000,-1.0000,-1.0000,-1.0000,5.0000,4.0000,2.0000,347077.0000,31.0000,-1.0000,-1.0000
235.0000,0.0000,2.0000,-1.0000,-1.0000,-1.0000,24.0000,0.0000,0.0000,-1.0000,10.0000,-1.0000,-1.0000
236.0000,0.0000,3.0000,-1.0000,-1.0000,-1.0000,-1.0000,0.0000,0.0000,-1.0000,7.0000,-1.0000,-1.0000
237.0000,0.0000,2.0000,-1.0000,-1.0000,-1.0000,44.0000,1.0000,0.0000,26707.0000,26.0000,-1.0000,-1.0000
238.0000,1.0000,2.0000,-1.0000,-1.0000,-1.0000,8.0000,0.0000,2.0000,-1.0000,26.0000,-1.0000,-1.0000
239.0000,0.0000,2.0000,-1.0000,-1.0000,-1.0000,19.0000,0.0000,0.0000,28665.0000,10.0000,-1.0000,-1.0000
240.0000,0.0000,2.0000,-1.0000,-1.0000,-1.0000,33.0000,0.0000,0.0000,-1.0000,12.0000,-1.0000,-1.0000
241.0000,0.0000,3.0000,-1.0000,-1.0000,-1.0000,-1.0000,1.0000,0.0000,2665.0000,14.0000,-1.0000,-1.0000
242.0000,1.0000,3.0000,-1.0000,-1.0000,-1.0000,-1.0000,1.0000,0.0000,367230.0000,15.0000,-1.0000,-1.0000
243.0000,0.0000,2.0000,-1.0000,-1.0000,-1.0000,29.0000,0.0000,0.0000,-1.0000,10.0000,-1.0000,-1.0000
244.0000,0.0000,3.0000,-1.0000,-1.0000,-1.0000,22.0000,0.0000,0.0000,-1.0000,7.0000,-1.0000,-1.0000
245.0000,0.0000,3.0000,-1.0000,-1.0000,-1.0000,30.0000,0.0000,0.0000,2694.0000,7.0000,-1.0000,-1.0000
246.0000,0.0000,1.0000,-1.0000,-1.0000,-1.0000,44.0000,2.0000,0.0000,19928.0000,90.0000,-1.0000,-1.0000
247.0000,0.0000,3.0000,-1.0000,-1.0000,-1.0000,25.0000,0.0000,0.0000,347071.0000,7.0000,-1.0000,-1.0000
248.0000,1.0000,2.0000,-1.0000,-1.0000,-1.0000,24.0000,0.0000,2.0000,250649.0000,14.0000,-1.0000,-1.0000
249.0000,1.0000,1.0000,-1.0000,-1.0000,-1.0000,37.0000,1.0000,1.0000,11751.0000,52.0000,-1.0000,-1.0000
250.0000,0.0000,2.0000,-1.0000,-1.0000,-1.0000,54.0000,1.0000,0.0000,244252.0000,26.0000,-1.0000,-1.0000
251.0000,0.0000,3.0000,-1.0000,-1.0000,-1.0000,-1.0000,0.0000,0.0000,362316.0000,7.0000,-1.0000,-1.0000
252.0000,0.0000,3.0000,-1.0000,-1.0000,-1.0000,29.0000,1.0000,1.0000,347054.0000,10.0000,-1.0000,-1.0000
253.0000,0.0000,1.0000,-1.0000,-1.0000,-1.0000,62.0000,0.0000,0.0000,113514.0000,26.0000,-1.0000,-1.0000
254.0000,0.0000,3.0000,-1.0000,-1.0000,-1.0000,30.0000,1.0000,0.0000,-1.0000,16.0000,-1.0000,-1.0000
255.0000,0.0000,3.0000,-1.0000,-1.0000,-1.0000,41.0000,0.0000,2.0000,370129.0000,20.0000,-1.0000,-1.0000
256.0000,1.0000,3.0000,-1.0000,-1.0000,-1.0000,29.0000,0.0000,2.0000,2650.0000,15.0000,-1.0000,-1.0000
257.0000,1.0000,1.0000,-1.0000,-1.0000,-1.0000,-1.0000,0.0000,0.0000,-1.0000,79.0000,-1.0000,-1.0000
258.0000,1.0000,1.0000,-1.0000,-1.0000,-1.0000,30.0000,0.0000,0.0000,110152.0000,86.0000,-1.0000,-1.0000
259.0000,1.0000,1.0000,-1.0000,-1.0000,-1.0000,35.0000,0.0000,0.0000,-1.0000,512.0000,-1.0000,-1.0000
260.0000,1.0000,2.0000,-1.0000,-1.0000,-1.0000,50.0000,0.0000,1.0000,230433.0000,26.0000,-1.0000,-1.0000
261.0000,0.0000,3.0000,-1.0000,-1.0000,-1.0000,-1.0000,0.0000,0.0000,384461.0000,7.0000,-1.0000,-1.0000
262.0000,1.0000,3.0000,-1.0000,-1.0000,-1.0000,3.0000,4.0000,2.0000,347077.0000,31.0000,-1.0000,-1.0000
263.0000,0.0000,1.0000,-1.0000,-1.0000,-1.0000,52.0000,1.0000,1.0000,110413.0000,79.0000,-1.0000,-1.0000
264.0000,0.0000,1.0000,-1.0000,-1.0000,-1.0000,40.0000,0.0000,0.0000,112059.0000,0.0000,-1.0000,-1.0000
265.0000,0.0000,3.0000,-1.0000,-1.0000,-1.0000,-1.0000,0.0000,0.0000,382649.0000,7.0000,-1.0000,-1.0000
266.0000,0.0000,2.0000,-1.0000,-1.0000,-1.0000,36.0000,0.0000,0.0000,-1.0000,10.0000,-1.0000,-1.0000
267.0000,0.0000,3.0000,-1.0000,-1.0000,-1.0000,16.0000,4.0000,1.0000,3101295.0000,39.0000,-1.0000,-1.0000
268.0000,1.0000,3.0000,-1.0000,-1.0000,-1.0000,25.0000,1.0000,0.0000,347083.0000,7.0000,-1.0000,-1.0000
269.0000,1.0000,1.0000,-1.0000,-1.0000,-1.0000,58.0000,0.0000,1.0000,-1.0000,153.0000,-1.0000,-1.0000
270.0000,1.0000,1.0000,-1.0000,-1.0000,-1.0000,35.0000,0.0000,0.0000,-1.0000,135.0000,-1.0000,-1.0000
271.0000,0.0000,1.0000,-1.0000,-1.0000,-1.0000,-1.0000,0.0000,0.0000,113798.0000,31.0000,-1.0000,-1.0000
272.0000,1.0000,3.0000,-1.0000,-1.0000,-1.0000,25.0000,0.0000,0.0000,-1.0000,0.0000,-1.0000,-1.0000
273.0000,1.0000,2.0000,-1.0000,-1.0000,-1.0000,41.0000,0.0000,1.0000,250644.0000,19.0000,-1.0000,-1.0000
274.0000,0.0000,1.0000,-1.0000,-1.0000,-1.0000,37.0000,0.0000,1.0000,-1.0000,29.0000,-1.0000,-1.0000
275.0000,1.0000,3.0000,-1.0000,-1.0000,-1.0000,-1.0000,0.0000,0.0000,370375.0000,7.0000,-1.0000,-1.0000
276.0000,1.0000,1.0000,-1.0000,-1.0000,-1.0000,63.0000,1.0000,0.0000,13502.0000,77.0000,-1.0000,-1.0000
277.0000,0.0000,3.0000,-1.0000,-1.0000,-1.0000,45.0000,0.0000,0.0000,347073.0000,7.0000,-1.0000,-1.0000
278.0000,0.0000,2.0000,-1.0000,-1.0000,-1.0000,-1.0000,0.0000,0.0000,239853.0000,0.0000,-1.0000,-1.0000
279.0000,0.0000,3.0000,-1.0000,-1.0000,-1.0000,7.0000,4.0000,1.0000,382652.0000,29.0000,-1.0000,-1.0000
280.0000,1.0000,3.0000,-1.0000,-1.0000,-1.0000,35.0000,1.0000,1.0000,-1.0000,20.0000,-1.0000,-1.0000
281.0000,0.0000,3.0000,-1.0000,-1.0000,-1.0000,65.0000,0.0000,0.0000,336439.0000,7.0000,-1.0000,-1.0000
282.0000,0.0000,3.0000,-1.0000,-1.0000,-1.0000,28.0000,0.0000,0.0000,347464.0000,7.0000,-1.0000,-1.0000
283.0000,0.0000,3.0000,-1.0000,-1.0000,-1.0000,16.0000,0.0000,0.0000,345778.0000,9.0000,-1.0000,-1.0000
284.0000,1.0000,3.0000,-1.0000,-1.0000,-1.0000,19.0000,0.0000,0.0000,-1.0000,8.0000,-1.0000,-1.0000
285.0000,0.0000,1.0000,-1.0000,-1.0000,-1.0000,-1.0000,0.0000,0.0000,113056.0000,26.0000,-1.0000,-1.0000
286.0000,0.0000,3.0000,-1.0000,-1.0000,-1.0000,33.0000,0.0000,0.0000,349239.0000,8.0000,-1.0000,-1.0000
287.0000,1.0000,3.0000,-1.0000,-1.0000,-1.0000,30.0000,0.0000,0.0000,345774.0000,9.0000,-1.0000,-1.0000
288.0000,0.0000,3.0000,-1.0000,-1.0000,-1.0000,22.0000,0.0000,0.0000,349206.0000,7.0000,-1.0000,-1.0000
289.0000,1.0000,2.0000,-1.0000,-1.0000,-1.0000,42.0000,0.0000,0.0000,237798.0000,13.0000,-1.0000,-1.0000
290.0000,1.0000,3.0000,-1.0000,-1.0000,-1.0000,22.0000,0.0000,0.0000,370373.0000,7.0000,-1.0000,-1.0000
291.0000,1.0000,1.0000,-1.0000,-1.0000,-1.0000,26.0000,0.0000,0.0000,19877.0000,78.0000,-1.0000,-1.0000
292.0000,1.0000,1.0000,-1.0000,-1.0000,-1.0000,19.0000,1.0000,0.0000,11967.0000,91.0000,-1.0000,-1.0000
293.0000,0.0000,2.0000,-1.0000,-1.0000,-1.0000,36.0000,0.0000,0.0000,-1.0000,12.0000,-1.0000,-1.0000
294.0000,0.0000,3.0000,-1.0000,-1.0000,-1.0000,24.0000,0.0000,0.0000,349236.0000,8.0000,-1.0000,-1.0000
295.0000,0.0000,3.0000,-1.0000,-1.0000,-1.0000,24.0000,0.0000,0.0000,349233.0000,7.0000,-1.0000,-1.0000
296.0000,0.0000,1.0000,-1.0000,-1.0000,-1.0000,-1.0000,0.0000,0.0000,-1.0000,27.0000,-1.0000,-1.0000
297.0000,0.0000,3.0000,-1.0000,-1.0000,-1.0000,23.0000,0.0000,0.0000,2693.0000,7.0000,-1.0000,-1.0000
298.0000,0.0000,1.0000,-1.0000,-1.0000,-1.0000,2.0000,1.0000,2.0000,113781.0000,151.0000,-1.0000,-1.0000
299.0000,1.0000,1.0000,-1.0000,-1.0000,-1.0000,-1.0000,0.0000,0.0000,19988.0000,30.0000,-1.0000,-1.0000
300.0000,1.0000,1.0000,-1.0000,-1.0000,-1.0000,50.0000,0.0000,1.0000,-1.0000,247.0000,-1.0000,-1.0000
301.0000,1.0000,3.0000,-1.0000,-1.0000,-1.0000,-1.0000,0.0000,0.0000,9234.0000,7.0000,-1.0000,-1.0000
302.0000,1.0000,3.0000,-1.0000,-1.0000,-1.0000,-1.0000,2.0000,0.0000,367226.0000,23.0000,-1.0000,-1.0000
303.0000,0.0000,3.0000,-1.0000,-1.0000,-1.0000,19.0000,0.0000,0.0000,-1.0000,0.0000,-1.0000,-1.0000
304.0000,1.0000,2.0000,-1.0000,-1.0000,-1.0000,-1.0000,0.0000,0.0000,226593.0000,12.0000,-1.0000,-1.0000
305.0000,0.0000,3.0000,-1.0000,-1.0000,-1.0000,-1.0000,0.0000,0.0000,-1.0000,8.0000,-1.0000,-1.0000
306.0000,1.0000,1.0000,-1.0000,-1.0000,-1.0000,0.0000,1.0000,2.0000,113781.0000,151.0000,-1.0000,-1.0000
307.0000,1.0000,1.0000,-1.0000,-1.0000,-1.0000,-1.0000,0.0000,0.0000,17421.0000,110.0000,-1.0000,-1.0000
308.0000,1.0000,1.0000,-1.0000,-1.0000,-1.0000,17.0000,1.0000,0.0000,-1.0000,108.0000,-1.0000,-1.0000
309.0000,0.0000,2.0000,-1.0000,-1.0000,-1.0000,30.0000,1.0000,0.0000,-1.0000,24.0000,-1.0000,-1.0000
310.0000,1.0000,1.0000,-1.0000,-1.0000,-1.0000,30.0000,0.0000,0.0000,-1.0000,56.0000,-1.0000,-1.0000
311.0000,1.0000,1.0000,-1.0000,-1.0000,-1.0000,24.0000,0.0000,0.0000,11767.0000,83.0000,-1.0000,-1.0000
312.0000,1.0000,1.0000,-1.0000,-1.0000,-1.0000,18.0000,2.0000,2.0000,-1.0000,262.0000,-1.0000,-1.0000
313.0000,0.0000,2.0000,-1.0000,-1.0000,-1.0000,26.0000,1.0000,1.0000,250651.0000,26.0000,-1.0000,-1.0000
314.0000,0.0000,3.0000,-1.0000,-1.0000,-1.0000,28.0000,0.0000,0.0000,349243.0000,7.0000,-1.0000,-1.0000
315.0000,0.0000,2.0000,-1.0000,-1.0000,-1.0000,43.0000,1.0000,1.0000,-1.0000,26.0000,-1.0000,-1.0000
316.0000,1.0000,3.0000,-1.0000,-1.0000,-1.0000,26.0000,0.0000,0.0000,347470.0000,7.0000,-1.0000,-1.0000
317.0000,1.0000,2.0000,-1.0000,-1.0000,-1.0000,24.0000,1.0000,0.0000,244367.0000,26.0000,-1.0000,-1.0000
318.0000,0.0000,2.0000,-1.0000,-1.0000,-1.0000,54.0000,0.0000,0.0000,29011.0000,14.0000,-1.0000,-1.0000
319.0000,1.0000,1.0000,-1.0000,-1.0000,-1.0000,31.0000,0.0000,2.0000,36928.0000,164.0000,-1.0000,-1.0000
320.0000,1.0000,1.0000,-1.0000,-1.0000,-1.0000,40.0000,1.0000,1.0000,16966.0000,134.0000,-1.0000,-1.0000
321.0000,0.0000,3.0000,-1.0000,-1.0000,-1.0000,22.0000,0.0000,0.0000,-1.0000,7.0000,-1.0000,-1.0000
322.0000,0.0000,3.0000,-1.0000,-1.0000,-1.0000,27.0000,0.0000,0.0000,349219.0000,7.0000,-1.0000,-1.0000
323.0000,1.0000,2.0000,-1.0000,-1.0000,-1.0000,30.0000,0.0000,0.0000,234818.0000,12.0000,-1.0000,-1.0000
324.0000,1.0000,2.0000,-1.0000,-1.0000,-1.0000,22.0000,1.0000,1.0000,248738.0000,29.0000,-1.0000,-1.0000
325.0000,0.0000,3.0000,-1.0000,-1.0000,-1.0000,-1.0000,8.0000,2.0000,-1.0000,69.0000,-1.0000,-1.0000
326.0000,1.0000,1.0000,-1.0000,-1.0000,-1.0000,36.0000,0.0000,0.0000,-1.0000,135.0000,-1.0000,-1.0000
327.0000,0.0000,3.0000,-1.0000,-1.0000,-1.0000,61.0000,0.0000,0.0000,345364.0000,6.0000,-1.0000,-1.0000
328.0000,1.0000,2.0000,-1.0000,-1.0000,-1.0000,36.0000,0.0000,0.0000,28551.0000,13.0000,-1.0000,-1.0000
329.0000,1.0000,3.0000,-1.0000,-1.0000,-1.0000,31.0000,1.0000,1.0000,363291.0000,20.0000,-1.0000,-1.0000
330.0000,1.0000,1.0000,-1.0000,-1.0000,-1.0000,16.0000,0.0000,1.0000,111361.0000,57.0000,-1.0000,-1.0000
331.0000,1.0000,3.0000,-1.0000,-1.0000,-1.0000,-1.0000,2.0000,0.0000,367226.0000,23.0000,-1.0000,-1.0000
332.0000,0.0000,1.0000,-1.0000,-1.0000,-1.0000,45.0000,0.0000,0.0000,113043.0000,28.0000,-1.0000,-1.0000
333.0000,0.0000,1.0000,-1.0000,-1.0000,-1.0000,38.0000,0.0000,1.0000,-1.0000,153.0000,-1.0000,-1.0000
334.0000,0.0000,3.0000,-1.0000,-1.0000,-1.0000,16.0000,2.0000,0.0000,345764.0000,18.0000,-1.0000,-1.0000
335.0000,1.0000,1.0000,-1.0000,-1.0000,-1.0000,-1.0000,1.0000,0.0000,-1.0000,133.0000,-1.0000,-1.0000
336.0000,0.0000,3.0000,-1.0000,-1.0000,-1.0000,-1.0000,0.0000,0.0000,349225.0000,7.0000,-1.0000,-1.0000
337.0000,0.0000,1.0000,-1.0000,-1.0000,-1.0000,29.0000,1.0000,0.0000,113776.0000,66.0000,-1.0000,-1.0000
338.0000,1.0000,1.0000,-1.0000,-1.0000,-1.0000,41.0000,0.0000,0.0000,16966.0000,134.0000,-1.0000,-1.0000
339.0000,1.0000,3.0000,-1.0000,-1.0000,-1.0000,45.0000,0.0000,0.0000,7598.0000,8.0000,-1.0000,-1.0000
340.0000,0.0000,1.0000,-1.0000,-1.0000,-1.0000,45.0000,0.0000,0.0000,113784.0000,35.0000,-1.0000,-1.0000
341.0000,1.0000,2.0000,-1.0000,-1.0000,-1.0000,2.0000,1.0000,1.0000,230080.0000,26.0000,-1.0000,-1.0000
342.0000,1.0000,1.0000,-1.0000,-1.0000,-1.0000,24.0000,3.0000,2.0000,19950.0000,263.0000,-1.0000,-1.0000
343.0000,0.0000,2.0000,-1.0000,-1.0000,-1.0000,28.0000,0.0000,0.0000,248740.0000,13.0000,-1.0000,-1.0000
344.0000,0.0000,2.0000,-1.0000,-1.0000,-1.0000,25.0000,0.0000,0.0000,244361.0000,13.0000,-1.0000,-1.0000
345.0000,0.0000,2.0000,-1.0000,-1.0000,-1.0000,36.0000,0.0000,0.0000,229236.0000,13.0000,-1.0000,-1.0000
346.0000,1.0000,2.0000,-1.0000,-1.0000,-1.0000,24.0000,0.0000,0.0000,248733.0000,13.0000,-1.0000,-1.0000
347.0000,1.0000,2.0000,-1.0000,-1.0000,-1.0000,40.0000,0.0000,0.0000,31418.0000,13.0000,-1.0000,-1.0000
348.0000,1.0000,3.0000,-1.0000,-1.0000,-1.0000,-1.0000,1.0000,0.0000,386525.0000,16.0000,-1.0000,-1.0000
349.0000,1.0000,3.0000,-1.0000,-1.0000,-1.0000,3.0000,1.0000,1.0000,-1.0000,15.0000,-1.0000,-1.0000
350.0000,0.0000,3.0000,-1.0000,-1.0000,-1.0000,42.0000,0.0000,0.0000,315088.0000,8.0000,-1.0000,-1.0000
351.0000,0.0000,3.0000,-1.0000,-1.0000,-1.0000,23.0000,0.0000,0.0000,7267.0000,9.0000,-1.0000,-1.0000
352.0000,0.0000,1.0000,-1.0000,-1.0000,-1.0000,-1.0000,0.0000,0.0000,113510.0000,35.0000,-1.0000,-1.0000
353.0000,0.0000,3.0000,-1.0000,-1.0000,-1.0000,15.0000,1.0000,1.0000,2695.0000,7.0000,-1.0000,-1.0000
354.0000,0.0000,3.0000,-1.0000,-1.0000,-1.0000,25.0000,1.0000,0.0000,349237.0000,17.0000,-1.0000,-1.0000
355.0000,0.0000,3.0000,-1.0000,-1.0000,-1.0000,-1.0000,0.0000,0.0000,2647.0000,7.0000,-1.0000,-1.0000
356.0000,0.0000,3.0000,-1.0000,-1.0000,-1.0000,28.0000,0.0000,0.0000,345783.0000,9.0000,-1.0000,-1.0000
357.0000,1.0000,1.0000,-1.0000,-1.0000,-1.0000,22.0000,0.0000,1.0000,113505.0000,55.0000,-1.0000,-1.0000
358.0000,0.0000,2.0000,-1.0000,-1.0000,-1.0000,38.0000,0.0000,0.0000,237671.0000,13.0000,-1.0000,-1.0000
359.0000,1.0000,3.0000,-1.0000,-1.0000,-1.0000,-1.0000,0.0000,0.0000,330931.0000,7.0000,-1.0000,-1.0000
360.0000,1.0000,3.0000,-1.0000,-1.0000,-1.0000,-1.0000,0.0000,0.0000,330980.0000,7.0000,-1.0000,-1.0000
361.0000,0.0000,3.0000,-1.0000,-1.0000,-1.0000,40.0000,1.0000,4.0000,347088.0000,27.0000,-1.0000,-1.0000
362.0000,0.0000,2.0000,-1.0000,-1.0000,-1.0000,29.0000,1.0000,0.0000,-1.0000,27.0000,-1.0000,-1.0000
363.0000,0.0000,3.0000,-1.0000,-1.0000,-1.0000,45.0000,0.0000,1.0000,2691.0000,14.0000,-1.0000,-1.0000
364.0000,0.0000,3.0000,-1.0000,-1.0000,-1.0000,35.0000,0.0000,0.0000,-1.0000,7.0000,-1.0000,-1.0000
365.0000,0.0000,3.0000,-1.0000,-1.0000,-1.0000,-1.0000,1.0000,0.0000,370365.0000,15.0000,-1.0000,-1.0000
366.0000,0.0000,3.0000,-1.0000,-1.0000,-1.0000,30.0000,0.0000,0.0000,-1.0000,7.0000,-1.0000,-1.0000
367.0000,1.0000,1.0000,-1.0000,-1.0000,-1.0000,60.0000,1.0000,0.0000,110813.0000,75.0000,-1.0000,-1.0000
368.0000,1.0000,3.0000,-1.0000,-1.0000,-1.0000,-1.0000,0.0000,0.0000,2626.0000,7.0000,-1.0000,-1.0000
369.0000,1.0000,3.0000,-1.0000,-1.0000,-1.0000,-1.0000,0.0000,0.0000,14313.0000,7.0000,-1.0000,-1.0000
370.0000,1.0000,1.0000,-1.0000,-1.0000,-1.0000,24.0000,0.0000,0.0000,-1.0000,69.0000,-1.0000,-1.0000
371.0000,1.0000,1.0000,-1.0000,-1.0000,-1.0000,25.0000,1.0000,0.0000,11765.0000,55.0000,-1.0000,-1.0000
372.0000,0.0000,3.0000,-1.0000,-1.0000,-1.0000,18.0000,1.0000,0.0000,3101267.0000,6.0000,-1.0000,-1.0000
373.0000,0.0000,3.0000,-1.0000,-1.0000,-1.0000,19.0000,0.0000,0.0000,323951.0000,8.0000,-1.0000,-1.0000
374.0000,0.0000,1.0000,-1.0000,-1.0000,-1.0000,22.0000,0.0000,0.0000,-1.0000,135.0000,-1.0000,-1.0000
375.0000,0.0000,3.0000,-1.0000,-1.0000,-1.0000,3.0000,3.0000,1.0000,349909.0000,21.0000,-1.0000,-1.0000
376.0000,1.0000,1.0000,-1.0000,-1.0000,-1.0000,-1.0000,1.0000,0.0000,-1.0000,82.0000,-1.0000,-1.0000
377.0000,1.0000,3.0000,-1.0000,-1.0000,-1.0000,22.0000,0.0000,0.0000,-1.0000,7.0000,-1.0000,-1.0000
378.0000,0.0000,1.0000,-1.0000,-1.0000,-1.0000,27.0000,0.0000,2.0000,113503.0000,211.0000,-1.0000,-1.0000
379.0000,0.0000,3.0000,-1.0000,-1.0000,-1.0000,20.0000,0.0000,0.0000,2648.0000,4.0000,-1.0000,-1.0000
380.0000,0.0000,3.0000,-1.0000,-1.0000,-1.0000,19.0000,0.0000,0.0000,347069.0000,7.0000,-1.0000,-1.0000
381.0000,1.0000,1.0000,-1.0000,-1.0000,-1.0000,42.0000,0.0000,0.0000,-1.0000,227.0000,-1.0000,-1.0000
382.0000,1.0000,3.0000,-1.0000,-1.0000,-1.0000,1.0000,0.0000,2.0000,2653.0000,15.0000,-1.0000,-1.0000
383.0000,0.0000,3.0000,-1.0000,-1.0000,-1.0000,32.0000,0.0000,0.0000,-1.0000,7.0000,-1.0000,-1.0000
384.0000,1.0000,1.0000,-1.0000,-1.0000,-1.0000,35.0000,1.0000,0.0000,113789.0000,52.0000,-1.0000,-1.0000
385.0000,0.0000,3.0000,-1.0000,-1.0000,-1.0000,-1.0000,0.0000,0.0000,349227.0000,7.0000,-1.0000,-1.0000
386.0000,0.0000,2.0000,-1.0000,-1.0000,-1.0000,18.0000,0.0000,0.0000,-1.0000,73.0000,-1.0000,-1.0000
387.0000,0.0000,3.0000,-1.0000,-1.0000,-1.0000,1.0000,5.0000,2.0000,-1.0000,46.0000,-1.0000,-1.0000
388.0000,1.0000,2.0000,-1.0000,-1.0000,-1.0000,36.0000,0.0000,0.0000,27849.0000,13.0000,-1.0000,-1.0000
389.0000,0.0000,3.0000,-1.0000,-1.0000,-1.0000,-1.0000,0.0000,0.0000,367655.0000,7.0000,-1.0000,-1.0000
390.0000,1.0000,2.0000,-1.0000,-1.0000,-1.0000,17.0000,0.0000,0.0000,-1.0000,12.0000,-1.0000,-1.0000
391.0000,1.0000,1.0000,-1.0000,-1.0000,-1.0000,36.0000,1.0000,2.0000,113760.0000,120.0000,-1.0000,-1.0000
392.0000,1.0000,3.0000,-1.0000,-1.0000,-1.0000,21.0000,0.0000,0.0000,350034.0000,7.0000,-1.0000,-1.0000
393.0000,0.0000,3.0000,-1.0000,-1.0000,-1.0000,28.0000,2.0000,0.0000,3101277.0000,7.0000,-1.0000,-1.0000
394.0000,1.0000,1.0000,-1.0000,-1.0000,-1.0000,23.0000,1.0000,0.0000,35273.0000,113.0000,-1.0000,-1.0000
395.0000,1.0000,3.0000,-1.0000,-1.0000,-1.0000,24.0000,0.0000,2.0000,-1.0000,16.0000,-1.0000,-1.0000
396.0000,0.0000,3.0000,-1.0000,-1.0000,-1.0000,22.0000,0.0000,0.0000,350052.0000,7.0000,-1.0000,-1.0000
397.0000,0.0000,3.0000,-1.0000,-1.0000,-1.0000,31.0000,0.0000,0.0000,350407.0000,7.0000,-1.0000,-1.0000
398.0000,0.0000,2.0000,-1.0000,-1.0000,-1.0000,46.0000,0.0000,0.0000,28403.0000,26.0000,-1.0000,-1.0000
399.0000,0.0000,2.0000,-1.0000,-1.0000,-1.0000,23.0000,0.0000,0.0000,244278.0000,10.0000,-1.0000,-1.0000
400.0000,1.0000,2.0000,-1.0000,-1.0000,-1.0000,28.0000,0.0000,0.0000,240929.0000,12.0000,-1.0000,-1.0000
401.0000,1.0000,3.0000,-1.0000,-1.0000,-1.0000,39.0000,0.0000,0.0000,-1.0000,7.0000,-1.0000,-1.0000
402.0000,0.0000,3.0000,-1.0000,-1.0000,-1.0000,26.0000,0.0000,0.0000,341826.0000,8.0000,-1.0000,-1.0000
403.0000,0.0000,3.0000,-1.0000,-1.0000,-1.0000,21.0000,1.0000,0.0000,4137.0000,9.0000,-1.0000,-1.0000
404.0000,0.0000,3.0000,-1.0000,-1.0000,-1.0000,28.0000,1.0000,0.0000,-1.0000,15.0000,-1.0000,-1.0000
405.0000,0.0000,3.0000,-1.0000,-1.0000,-1.0000,20.0000,0.0000,0.0000,315096.0000,8.0000,-1.0000,-1.0000
406.0000,0.0000,2.0000,-1.0000,-1.0000,-1.0000,34.0000,1.0000,0.0000,28664.0000,21.0000,-1.0000,-1.0000
407.0000,0.0000,3.0000,-1.0000,-1.0000,-1.0000,51.0000,0.0000,0.0000,347064.0000,7.0000,-1.0000,-1.0000
408.0000,1.0000,2.0000,-1.0000,-1.0000,-1.0000,3.0000,1.0000,1.0000,29106.0000,18.0000,-1.0000,-1.0000
409.0000,0.0000,3.0000,-1.0000,-1.0000,-1.0000,21.0000,0.0000,0.0000,312992.0000,7.0000,-1.0000,-1.0000
410.0000,0.0000,3.0000,-1.0000,-1.0000,-1.0000,-1.0000,3.0000,1.0000,4133.0000,25.0000,-1.0000,-1.0000
411.0000,0.0000,3.0000,-1.0000,-1.0000,-1.0000,-1.0000,0.0000,0.0000,349222.0000,7.0000,-1.0000,-1.0000
412.0000,0.0000,3.0000,-1.0000,-1.0000,-1.0000,-1.0000,0.0000,0.0000,394140.0000,6.0000,-1.0000,-1.0000
413.0000,1.0000,1.0000,-1.0000,-1.0000,-1.0000,33.0000,1.0000,0.0000,19928.0000,90.0000,-1.0000,-1.0000
414.0000,0.0000,2.0000,-1.0000,-1.0000,-1.0000,-1.0000,0.0000,0.0000,239853.0000,0.0000,-1.0000,-1.0000
415.0000,1.0000,3.0000,-1.0000,-1.0000,-1.0000,44.0000,0.0000,0.0000,-1.0000,7.0000,-1.0000,-1.0000
416.0000,0.0000,3.0000,-1.0000,-1.0000,-1.0000,-1.0000,0.0000,0.0000,343095.0000,8.0000,-1.0000,-1.0000
417.0000,1.0000,2.0000,-1.0000,-1.0000,-1.0000,34.0000,1.0000,1.0000,28220.0000,32.0000,-1.0000,-1.0000
418.0000,1.0000,2.0000,-1.0000,-1.0000,-1.0000,18.0000,0.0000,2.0000,250652.0000,13.0000,-1.0000,-1.0000
419.0000,0.0000,2.0000,-1.0000,-1.0000,-1.0000,30.0000,0.0000,0.0000,28228.0000,13.0000,-1.0000,-1.0000
420.0000,0.0000,3.0000,-1.0000,-1.0000,-1.0000,10.0000,0.0000,2.0000,345773.0000,24.0000,-1.0000,-1.0000
421.0000,0.0000,3.0000,-1.0000,-1.0000,-1.0000,-1.0000,0.0000,0.0000,349254.0000,7.0000,-1.0000,-1.0000
422.0000,0.0000,3.0000,-1.0000,-1.0000,-1.0000,21.0000,0.0000,0.0000,-1.0000,7.0000,-1.0000,-1.0000
423.0000,0.0000,3.0000,-1.0000,-1.0000,-1.0000,29.0000,0.0000,0.0000,315082.0000,7.0000,-1.0000,-1.0000
424.0000,0.0000,3.0000,-1.0000,-1.0000,-1.0000,28.0000,1.0000,1.0000,347080.0000,14.0000,-1.0000,-1.0000
425.0000,0.0000,3.0000,-1.0000,-1.0000,-1.0000,18.0000,1.0000,1.0000,370129.0000,20.0000,-1.0000,-1.0000
426.0000,0.0000,3.0000,-1.0000,-1.0000,-1.0000,-1.0000,0.0000,0.0000,-1.0000,7.0000,-1.0000,-1.0000
427.0000,1.0000,2.0000,-1.0000,-1.0000,-1.0000,28.0000,1.0000,0.0000,2003.0000,26.0000,-1.0000,-1.0000
428.0000,1.0000,2.0000,-1.0000,-1.0000,-1.0000,19.0000,0.0000,0.0000,250655.0000,26.0000,-1.0000,-1.0000
429.0000,0.0000,3.0000,-1.0000,-1.0000,-1.0000,-1.0000,0.0000,0.0000,364851.0000,7.0000,-1.0000,-1.0000
430.0000,1.0000,3.0000,-1.0000,-1.0000,-1.0000,32.0000,0.0000,0.0000,-1.0000,8.0000,-1.0000,-1.0000
431.0000,1.0000,1.0000,-1.0000,-1.0000,-1.0000,28.0000,0.0000,0.0000,110564.0000,26.0000,-1.0000,-1.0000
432.0000,1.0000,3.0000,-1.0000,-1.0000,-1.0000,-1.0000,1.0000,0.0000,376564.0000,16.0000,-1.0000,-1.0000
433.0000,1.0000,2.0000,-1.0000,-1.0000,-1.0000,42.0000,1.0000,0.0000,-1.0000,26.0000,-1.0000,-1.0000
434.0000,0.0000,3.0000,-1.0000,-1.0000,-1.0000,17.0000,0.0000,0.0000,-1.0000,7.0000,-1.0000,-1.0000
435.0000,0.0000,1.0000,-1.0000,-1.0000,-1.0000,50.0000,1.0000,0.0000,13507.0000,55.0000,-1.0000,-1.0000
436.0000,1.0000,1.0000,-1.0000,-1.0000,-1.0000,14.0000,1.0000,2.0000,113760.0000,120.0000,-1.0000,-1.0000
437.0000,0.0000,3.0000,-1.0000,-1.0000,-1.0000,21.0000,2.0000,2.0000,-1.0000,34.0000,-1.0000,-1.0000
438.0000,1.0000,2.0000,-1.0000,-1.0000,-1.0000,24.0000,2.0000,3.0000,29106.0000,18.0000,-1.0000,-1.0000
439.0000,0.0000,1.0000,-1.0000,-1.0000,-1.0000,64.0000,1.0000,4.0000,19950.0000,263.0000,-1.0000,-1.0000
440.0000,0.0000,2.0000,-1.0000,-1.0000,-1.0000,31.0000,0.0000,0.0000,-1.0000,10.0000,-1.0000,-1.0000
441.0000,1.0000,2.0000,-1.0000,-1.0000,-1.0000,45.0000,1.0000,1.0000,-1.0000,26.0000,-1.0000,-1.0000
442.0000,0.0000,3.0000,-1.0000,-1.0000,-1.0000,20.0000,0.0000,0.0000,345769.0000,9.0000,-1.0000,-1.0000
443.0000,0.0000,3.0000,-1.0000,-1.0000,-1.0000,25.0000,1.0000,0.0000,347076.0000,7.0000,-1.0000,-1.0000
444.0000,1.0000,2.0000,-1.0000,-1.0000,-1.0000,28.0000,0.0000,0.0000,230434.0000,13.0000,-1.0000,-1.0000
445.0000,1.0000,3.0000,-1.0000,-1.0000,-1.0000,-1.0000,0.0000,0.0000,65306.0000,8.0000,-1.0000,-1.0000
446.0000,1.0000,1.0000,-1.0000,-1.0000,-1.0000,4.0000,0.0000,2.0000,33638.0000,81.0000,-1.0000,-1.0000
447.0000,1.0000,2.0000,-1.0000,-1.0000,-1.0000,13.0000,0.0000,1.0000,250644.0000,19.0000,-1.0000,-1.0000
448.0000,1.0000,1.0000,-1.0000,-1.0000,-1.0000,34.0000,0.0000,0.0000,113794.0000,26.0000,-1.0000,-1.0000
449.0000,1.0000,3.0000,-1.0000,-1.0000,-1.0000,5.0000,2.0000,1.0000,2666.0000,19.0000,-1.0000,-1.0000
450.0000,1.0000,1.0000,-1.0000,-1.0000,-1.0000,52.0000,0.0000,0.0000,113786.0000,30.0000,-1.0000,-1.0000
451.0000,0.0000,2.0000,-1.0000,-1.0000,-1.0000,36.0000,1.0000,2.0000,-1.0000,27.0000,-1.0000,-1.0000
452.0000,0.0000,3.0000,-1.0000,-1.0000,-1.0000,-1.0000,1.0000,0.0000,65303.0000,19.0000,-1.0000,-1.0000
453.0000,0.0000,1.0000,-1.0000,-1.0000,-1.0000,30.0000,0.0000,0.0000,113051.0000,27.0000,-1.0000,-1.0000
454.0000,1.0000,1.0000,-1.0000,-1.0000,-1.0000,49.0000,1.0000,0.0000,17453.0000,89.0000,-1.0000,-1.0000
455.0000,0.0000,3.0000,-1.0000,-1.0000,-1.0000,-1.0000,0.0000,0.0000,-1.0000,8.0000,-1.0000,-1.0000
456.0000,1.0000,3.0000,-1.0000,-1.0000,-1.0000,29.0000,0.0000,0.0000,349240.0000,7.0000,-1.0000,-1.0000
457.0000,0.0000,1.0000,-1.0000,-1.0000,-1.0000,65.0000,0.0000,0.0000,13509.0000,26.0000,-1.0000,-1.0000
458.0000,1.0000,1.0000,-1.0000,-1.0000,-1.0000,-1.0000,1.0000,0.0000,17464.0000,51.0000,-1.0000,-1.0000
459.0000,1.0000,2.0000,-1.0000,-1.0000,-1.0000,50.0000,0.0000,0.0000,-1.0000,10.0000,-1.0000,-1.0000
460.0000,0.0000,3.0000,-1.0000,-1.0000,-1.0000,-1.0000,0.0000,0.0000,371060.0000,7.0000,-1.0000,-1.0000
461.0000,1.0000,1.0000,-1.0000,-1.0000,-1.0000,48.0000,0.0000,0.0000,19952.0000,26.0000,-1.0000,-1.0000
462.0000,0.0000,3.0000,-1.0000,-1.0000,-1.0000,34.0000,0.0000,0.0000,364506.0000,8.0000,-1.0000,-1.0000
463.0000,0.0000,1.0000,-1.0000,-1.0000,-1.0000,47.0000,0.0000,0.0000,111320.0000,38.0000,-1.0000,-1.0000
464.0000,0.0000,2.0000,-1.0000,-1.0000,-1.0000,48.0000,0.0000,0.0000,234360.0000,13.0000,-1.0000,-1.0000
465.0000,0.0000,3.0000,-1.0000,-1.0000,-1.0000,-1.0000,0.0000,0.0000,-1.0000,8.0000,-1.0000,-1.0000
466.0000,0.0000,3.0000,-1.0000,-1.0000,-1.0000,38.0000,0.0000,0.0000,-1.0000,7.0000,-1.0000,-1.0000
467.0000,0.0000,2.0000,-1.0000,-1.0000,-1.0000,-1.0000,0.0000,0.0000,239853.0000,0.0000,-1.0000,-1.0000
468.0000,0.0000,1.0000,-1.0000,-1.0000,-1.0000,56.0000,0.0000,0.0000,113792.0000,26.0000,-1.0000,-1.0000
469.0000,0.0000,3.0000,-1.0000,-1.0000,-1.0000,-1.0000,0.0000,0.0000,36209.0000,7.0000,-1.0000,-1.0000
470.0000,1.0000,3.0000,-1.0000,-1.0000,-1.0000,0.0000,2.0000,1.0000,2666.0000,19.0000,-1.0000,-1.0000
471.0000,0.0000,3.0000,-1.0000,-1.0000,-1.0000,-1.0000,0.0000,0.0000,323592.0000,7.0000,-1.0000,-1.0000
472.0000,0.0000,3.0000,-1.0000,-1.0000,-1.0000,38.0000,0.0000,0.0000,315089.0000,8.0000,-1.0000,-1.0000
473.0000,1.0000,2.0000,-1.0000,-1.0000,-1.0000,33.0000,1.0000,2.0000,-1.0000,27.0000,-1.0000,-1.0000
474.0000,1.0000,2.0000,-1.0000,-1.0000,-1.0000,23.0000,0.0000,0.0000,-1.0000,13.0000,-1.0000,-1.0000
475.0000,0.0000,3.0000,-1.0000,-1.0000,-1.0000,22.0000,0.0000,0.0000,7553.0000,9.0000,-1.0000,-1.0000
476.0000,0.0000,1.0000,-1.0000,-1.0000,-1.0000,-1.0000,0.0000,0.0000,110465.0000,52.0000,-1.0000,-1.0000
477.0000,0.0000,2.0000,-1.0000,-1.0000,-1.0000,34.0000,1.0000,0.0000,31027.0000,21.0000,-1.0000,-1.0000
478.0000,0.0000,3.0000,-1.0000,-1.0000,-1.0000,29.0000,1.0000,0.0000,3460.0000,7.0000,-1.0000,-1.0000
479.0000,0.0000,3.0000,-1.0000,-1.0000,-1.0000,22.0000,0.0000,0.0000,350060.0000,7.0000,-1.0000,-1.0000
480.0000,1.0000,3.0000,-1.0000,-1.0000,-1.0000,2.0000,0.0000,1.0000,3101298.0000,12.0000,-1.0000,-1.0000
481.0000,0.0000,3.0000,-1.0000,-1.0000,-1.0000,9.0000,5.0000,2.0000,-1.0000,46.0000,-1.0000,-1.0000
482.0000,0.0000,2.0000,-1.0000,-1.0000,-1.0000,-1.0000,0.0000,0.0000,239854.0000,0.0000,-1.0000,-1.0000
483.0000,0.0000,3.0000,-1.0000,-1.0000,-1.0000,50.0000,0.0000,0.0000,-1.0000,8.0000,-1.0000,-1.0000
484.0000,1.0000,3.0000,-1.0000,-1.0000,-1.0000,63.0000,0.0000,0.0000,4134.0000,9.0000,-1.0000,-1.0000
485.0000,1.0000,1.0000,-1.0000,-1.0000,-1.0000,25.0000,1.0000,0.0000,11967.0000,91.0000,-1.0000,-1.0000
486.0000,0.0000,3.0000,-1.0000,-1.0000,-1.0000,-1.0000,3.0000,1.0000,4133.0000,25.0000,-1.0000,-1.0000
487.0000,1.0000,1.0000,-1.0000,-1.0000,-1.0000,35.0000,1.0000,0.0000,19943.0000,90.0000,-1.0000,-1.0000
488.0000,0.0000,1.0000,-1.0000,-1.0000,-1.0000,58.0000,0.0000,0.0000,11771.0000,29.0000,-1.0000,-1.0000
489.0000,0.0000,3.0000,-1.0000,-1.0000,-1.0000,30.0000,0.0000,0.0000,-1.0000,8.0000,-1.0000,-1.0000
490.0000,1.0000,3.0000,-1.0000,-1.0000,-1.0000,9.0000,1.0000,1.0000,-1.0000,15.0000,-1.0000,-1.0000
491.0000,0.0000,3.0000,-1.0000,-1.0000,-1.0000,-1.0000,1.0000,0.0000,65304.0000,19.0000,-1.0000,-1.0000
492.0000,0.0000,3.0000,-1.0000,-1.0000,-1.0000,21.0000,0.0000,0.0000,-1.0000,7.0000,-1.0000,-1.0000
493.0000,0.0000,1.0000,-1.0000,-1.0000,-1.0000,55.0000,0.0000,0.0000,113787.0000,30.0000,-1.0000,-1.0000
494.0000,0.0000,1.0000,-1.0000,-1.0000,-1.0000,71.0000,0.0000,0.0000,-1.0000,49.0000,-1.0000,-1.0000
495.0000,0.0000,3.0000,-1.0000,-1.0000,-1.0000,21.0000,0.0000,0.0000,-1.0000,8.0000,-1.0000,-1.0000
496.0000,0.0000,3.0000,-1.0000,-1.0000,-1.0000,-1.0000,0.0000,0.0000,2627.0000,14.0000,-1.0000,-1.0000
497.0000,1.0000,1.0000,-1.0000,-1.0000,-1.0000,54.0000,1.0000,0.0000,36947.0000,78.0000,-1.0000,-1.0000
498.0000,0.0000,3.0000,-1.0000,-1.0000,-1.0000,-1.0000,0.0000,0.0000,-1.0000,15.0000,-1.0000,-1.0000
499.0000,0.0000,1.0000,-1.0000,-1.0000,-1.0000,25.0000,1.0000,2.0000,113781.0000,151.0000,-1.0000,-1.0000
500.0000,0.0000,3.0000,-1.0000,-1.0000,-1.0000,24.0000,0.0000,0.0000,350035.0000,7.0000,-1.0000,-1.0000
501.0000,0.0000,3.0000,-1.0000,-1.0000,-1.0000,17.0000,0.0000,0.0000,315086.0000,8.0000,-1.0000,-1.0000
502.0000,0.0000,3.0000,-1.0000,-1.0000,-1.0000,21.0000,0.0000,0.0000,364846.0000,7.0000,-1.0000,-1.0000
503.0000,0.0000,3.0000,-1.0000,-1.0000,-1.0000,-1.0000,0.0000,0.0000,330909.0000,7.0000,-1.0000,-1.0000
504.0000,0.0000,3.0000,-1.0000,-1.0000,-1.0000,37.0000,0.0000,0.0000,4135.0000,9.0000,-1.0000,-1.0000
505.0000,1.0000,1.0000,-1.0000,-1.0000,-1.0000,16.0000,0.0000,0.0000,110152.0000,86.0000,-1.0000,-1.0000
506.0000,0.0000,1.0000,-1.0000,-1.0000,-1.0000,18.0000,1.0000,0.0000,-1.0000,108.0000,-1.0000,-1.0000
507.0000,1.0000,2.0000,-1.0000,-1.0000,-1.0000,33.0000,0.0000,2.0000,26360.0000,26.0000,-1.0000,-1.0000
508.0000,1.0000,1.0000,-1.0000,-1.0000,-1.0000,-1.0000,0.0000,0.0000,111427.0000,26.0000,-1.0000,-1.0000
509.0000,0.0000,3.0000,-1.0000,-1.0000,-1.0000,28.0000,0.0000,0.0000,-1.0000,22.0000,-1.0000,-1.0000
510.0000,1.0000,3.0000,-1.0000,-1.0000,-1.0000,26.0000,0.0000,0.0000,1601.0000,56.0000,-1.0000,-1.0000
511.0000,1.0000,3.0000,-1.0000,-1.0000,-1.0000,29.0000,0.0000,0.0000,382651.0000,7.0000,-1.0000,-1.0000
512.0000,0.0000,3.0000,-1.0000,-1.0000,-1.0000,-1.0000,0.0000,0.0000,-1.0000,8.0000,-1.0000,-1.0000
513.0000,1.0000,1.0000,-1.0000,-1.0000,-1.0000,36.0000,0.0000,0.0000,-1.0000,26.0000,-1.0000,-1.0000
514.0000,1.0000,1.0000,-1.0000,-1.0000,-1.0000,54.0000,1.0000,0.0000,-1.0000,59.0000,-1.0000,-1.0000
515.0000,0.0000,3.0000,-1.0000,-1.0000,-1.0000,24.0000,0.0000,0.0000,349209.0000,7.0000,-1.0000,-1.0000
516.0000,0.0000,1.0000,-1.0000,-1.0000,-1.0000,47.0000,0.0000,0.0000,36967.0000,34.0000,-1.0000,-1.0000
517.0000,1.0000,2.0000,-1.0000,-1.0000,-1.0000,34.0000,0.0000,0.0000,-1.0000,10.0000,-1.0000,-1.0000
518.0000,0.0000,3.0000,-1.0000,-1.0000,-1.0000,-1.0000,0.0000,0.0000,371110.0000,24.0000,-1.0000,-1.0000
519.0000,1.0000,2.0000,-1.0000,-1.0000,-1.0000,36.0000,1.0000,0.0000,226875.0000,26.0000,-1.0000,-1.0000
520.0000,0.0000,3.0000,-1.0000,-1.0000,-1.0000,32.0000,0.0000,0.0000,349242.0000,7.0000,-1.0000,-1.0000
521.0000,1.0000,1.0000,-1.0000,-1.0000,-1.0000,30.0000,0.0000,0.0000,12749.0000,93.0000,-1.0000,-1.0000
522.0000,0.0000,3.0000,-1.0000,-1.0000,-1.0000,22.0000,0.0000,0.0000,349252.0000,7.0000,-1.0000,-1.0000
523.0000,0.0000,3.0000,-1.0000,-1.0000,-1.0000,-1.0000,0.0000,0.0000,2624.0000,7.0000,-1.0000,-1.0000
524.0000,1.0000,1.0000,-1.0000,-1.0000,-1.0000,44.0000,0.0000,1.0000,111361.0000,57.0000,-1.0000,-1.0000
525.0000,0.0000,3.0000,-1.0000,-1.0000,-1.0000,-1.0000,0.0000,0.0000,2700.0000,7.0000,-1.0000,-1.0000
526.0000,0.0000,3.0000,-1.0000,-1.0000,-1.0000,40.0000,0.0000,0.0000,367232.0000,7.0000,-1.0000,-1.0000
527.0000,1.0000,2.0000,-1.0000,-1.0000,-1.0000,50.0000,0.0000,0.0000,-1.0000,10.0000,-1.0000,-1.0000
528.0000,0.0000,1.0000,-1.0000,-1.0000,-1.0000,-1.0000,0.0000,0.0000,-1.0000,221.0000,-1.0000,-1.0000
529.0000,0.0000,3.0000,-1.0000,-1.0000,-1.0000,39.0000,0.0000,0.0000,3101296.0000,7.0000,-1.0000,-1.0000
530.0000,0.0000,2.0000,-1.0000,-1.0000,-1.0000,23.0000,2.0000,1.0000,29104.0000,11.0000,-1.0000,-1.0000
531.0000,1.0000,2.0000,-1.0000,-1.0000,-1.0000,2.0000,1.0000,1.0000,26360.0000,26.0000,-1.0000,-1.0000
532.0000,0.0000,3.0000,-1.0000,-1.0000,-1.0000,-1.0000,0.0000,0.0000,2641.0000,7.0000,-1.0000,-1.0000
533.0000,0.0000,3.0000,-1.0000,-1.0000,-1.0000,17.0000,1.0000,1.0000,2690.0000,7.0000,-1.0000,-1.0000
534.0000,1.0000,3.0000,-1.0000,-1.0000,-1.0000,-1.0000,0.0000,2.0000,2668.0000,22.0000,-1.0000,-1.0000
535.0000,0.0000,3.0000,-1.0000,-1.0000,-1.0000,30.0000,0.0000,0.0000,315084.0000,8.0000,-1.0000,-1.0000
536.0000,1.0000,2.0000,-1.0000,-1.0000,-1.0000,7.0000,0.0000,2.0000,-1.0000,26.0000,-1.0000,-1.0000
537.0000,0.0000,1.0000,-1.0000,-1.0000,-1.0000,45.0000,0.0000,0.0000,113050.0000,26.0000,-1.0000,-1.0000
538.0000,1.0000,1.0000,-1.0000,-1.0000,-1.0000,30.0000,0.0000,0.0000,-1.0000,106.0000,-1.0000,-1.0000
539.0000,0.0000,3.0000,-1.0000,-1.0000,-1.0000,-1.0000,0.0000,0.0000,364498.0000,14.0000,-1.0000,-1.0000
540.0000,1.0000,1.0000,-1.0000,-1.0000,-1.0000,22.0000,0.0000,2.0000,13568.0000,49.0000,-1.0000,-1.0000
541.0000,1.0000,1.0000,-1.0000,-1.0000,-1.0000,36.0000,0.0000,2.0000,-1.0000,71.0000,-1.0000,-1.0000
542.0000,0.0000,3.0000,-1.0000,-1.0000,-1.0000,9.0000,4.0000,2.0000,347082.0000,31.0000,-1.0000,-1.0000
543.0000,0.0000,3.0000,-1.0000,-1.0000,-1.0000,11.0000,4.0000,2.0000,347082.0000,31.0000,-1.0000,-1.0000
544.0000,1.0000,2.0000,-1.0000,-1.0000,-1.0000,32.0000,1.0000,0.0000,2908.0000,26.0000,-1.0000,-1.0000
545.0000,0.0000,1.0000,-1.0000,-1.0000,-1.0000,50.0000,1.0000,0.0000,-1.0000,106.0000,-1.0000,-1.0000
546.0000,0.0000,1.0000,-1.0000,-1.0000,-1.0000,64.0000,0.0000,0.0000,693.0000,26.0000,-1.0000,-1.0000
547.0000,1.0000,2.0000,-1.0000,-1.0000,-1.0000,19.0000,1.0000,0.0000,2908.0000,26.0000,-1.0000,-1.0000
548.0000,1.0000,2.0000,-1.0000,-1.0000,-1.0000,-1.0000,0.0000,0.0000,-1.0000,13.0000,-1.0000,-1.0000
549.0000,0.0000,3.0000,-1.0000,-1.0000,-1.0000,33.0000,1.0000,1.0000,363291.0000,20.0000,-1.0000,-1.0000
550.0000,1.0000,2.0000,-1.0000,-1.0000,-1.0000,8.0000,1.0000,1.0000,-1.0000,36.0000,-1.0000,-1.0000
551.0000,1.0000,1.0000,-1.0000,-1.0000,-1.0000,17.0000,0.0000,2.0000,17421.0000,110.0000,-1.0000,-1.0000
552.0000,0.0000,2.0000,-1.0000,-1.0000,-1.0000,27.0000,0.0000,0.0000,244358.0000,26.0000,-1.0000,-1.0000
553.0000,0.0000,3.0000,-1.0000,-1.0000,-1.0000,-1.0000,0.0000,0.0000,330979.0000,7.0000,-1.0000,-1.0000
554.0000,1.0000,3.0000,-1.0000,-1.0000,-1.0000,22.0000,0.0000,0.0000,2620.0000,7.0000,-1.0000,-1.0000
555.0000,1.0000,3.0000,-1.0000,-1.0000,-1.0000,22.0000,0.0000,0.0000,347085.0000,7.0000,-1.0000,-1.0000
556.0000,0.0000,1.0000,-1.0000,-1.0000,-1.0000,62.0000,0.0000,0.0000,113807.0000,26.0000,-1.0000,-1.0000
557.0000,1.0000,1.0000,-1.0000,-1.0000,-1.0000,48.0000,1.0000,0.0000,11755.0000,39.0000,-1.0000,-1.0000
558.0000,0.0000,1.0000,-1.0000,-1.0000,-1.0000,-1.0000,0.0000,0.0000,-1.0000,227.0000,-1.0000,-1.0000
559.0000,1.0000,1.0000,-1.0000,-1.0000,-1.0000,39.0000,1.0000,1.0000,110413.0000,79.0000,-1.0000,-1.0000
560.0000,1.0000,3.0000,-1.0000,-1.0000,-1.0000,36.0000,1.0000,0.0000,345572.0000,17.0000,-1.0000,-1.0000
561.0000,0.0000,3.0000,-1.0000,-1.0000,-1.0000,-1.0000,0.0000,0.0000,372622.0000,7.0000,-1.0000,-1.0000
562.0000,0.0000,3.0000,-1.0000,-1.0000,-1.0000,40.0000,0.0000,0.0000,349251.0000,7.0000,-1.0000,-1.0000
563.0000,0.0000,2.0000,-1.0000,-1.0000,-1.0000,28.0000,0.0000,0.0000,218629.0000,13.0000,-1.0000,-1.0000
564.0000,0.0000,3.0000,-1.0000,-1.0000,-1.0000,-1.0000,0.0000,0.0000,-1.0000,8.0000,-1.0000,-1.0000
565.0000,0.0000,3.0000,-1.0000,-1.0000,-1.0000,-1.0000,0.0000,0.0000,-1.0000,8.0000,-1.0000,-1.0000
566.0000,0.0000,3.0000,-1.0000,-1.0000,-1.0000,24.0000,2.0000,0.0000,-1.0000,24.0000,-1.0000,-1.0000
567.0000,0.0000,3.0000,-1.0000,-1.0000,-1.0000,19.0000,0.0000,0.0000,349205.0000,7.0000,-1.0000,-1.0000
568.0000,0.0000,3.0000,-1.0000,-1.0000,-1.0000,29.0000,0.0000,4.0000,349909.0000,21.0000,-1.0000,-1.0000
569.0000,0.0000,3.0000,-1.0000,-1.0000,-1.0000,-1.0000,0.0000,0.0000,2686.0000,7.0000,-1.0000,-1.0000
570.0000,1.0000,3.0000,-1.0000,-1.0000,-1.0000,32.0000,0.0000,0.0000,350417.0000,7.0000,-1.0000,-1.0000
571.0000,1.0000,2.0000,-1.0000,-1.0000,-1.0000,62.0000,0.0000,0.0000,-1.0000,10.0000,-1.0000,-1.0000
572.0000,1.0000,1.0000,-1.0000,-1.0000,-1.0000,53.0000,2.0000,0.0000,11769.0000,51.0000,-1.0000,-1.0000
573.0000,1.0000,1.0000,-1.0000,-1.0000,-1.0000,36.0000,0.0000,0.0000,-1.0000,26.0000,-1.0000,-1.0000
574.0000,1.0000,3.0000,-1.0000,-1.0000,-1.0000,-1.0000,0.0000,0.0000,14312.0000,7.0000,-1.0000,-1.0000
575.0000,0.0000,3.0000,-1.0000,-1.0000,-1.0000,16.0000,0.0000,0.0000,-1.0000,8.0000,-1.0000,-1.0000
576.0000,0.0000,3.0000,-1.0000,-1.0000,-1.0000,19.0000,0.0000,0.0000,358585.0000,14.0000,-1.0000,-1.0000
577.0000,1.0000,2.0000,-1.0000,-1.0000,-1.0000,34.0000,0.0000,0.0000,243880.0000,13.0000,-1.0000,-1.0000
578.0000,1.0000,1.0000,-1.0000,-1.0000,-1.0000,39.0000,1.0000,0.0000,13507.0000,55.0000,-1.0000,-1.0000
579.0000,0.0000,3.0000,-1.0000,-1.0000,-1.0000,-1.0000,1.0000,0.0000,2689.0000,14.0000,-1.0000,-1.0000
580.0000,1.0000,3.0000,-1.0000,-1.0000,-1.0000,32.0000,0.0000,0.0000,-1.0000,7.0000,-1.0000,-1.0000
581.0000,1.0000,2.0000,-1.0000,-1.0000,-1.0000,25.0000,1.0000,1.0000,237789.0000,30.0000,-1.0000,-1.0000
582.0000,1.0000,1.0000,-1.0000,-1.0000,-1.0000,39.0000,1.0000,1.0000,17421.0000,110.0000,-1.0000,-1.0000
583.0000,0.0000,2.0000,-1.0000,-1.0000,-1.0000,54.0000,0.0000,0.0000,28403.0000,26.0000,-1.0000,-1.0000
584.0000,0.0000,1.0000,-1.0000,-1.0000,-1.0000,36.0000,0.0000,0.0000,13049.0000,40.0000,-1.0000,-1.0000
585.0000,0.0000,3.0000,-1.0000,-1.0000,-1.0000,-1.0000,0.0000,0.0000,3411.0000,8.0000,-1.0000,-1.0000
586.0000,1.0000,1.0000,-1.0000,-1.0000,-1.0000,18.0000,0.0000,2.0000,110413.0000,79.0000,-1.0000,-1.0000
587.0000,0.0000,2.0000,-1.0000,-1.0000,-1.0000,47.0000,0.0000,0.0000,237565.0000,15.0000,-1.0000,-1.0000
588.0000,1.0000,1.0000,-1.0000,-1.0000,-1.0000,60.0000,1.0000,1.0000,13567.0000,79.0000,-1.0000,-1.0000
589.0000,0.0000,3.0000,-1.0000,-1.0000,-1.0000,22.0000,0.0000,0.0000,14973.0000,8.0000,-1.0000,-1.0000
590.0000,0.0000,3.0000,-1.0000,-1.0000,-1.0000,-1.0000,0.0000,0.0000,-1.0000,8.0000,-1.0000,-1.0000
591.0000,0.0000,3.0000,-1.0000,-1.0000,-1.0000,35.0000,0.0000,0.0000,-1.0000,7.0000,-1.0000,-1.0000
592.0000,1.0000,1.0000,-1.0000,-1.0000,-1.0000,52.0000,1.0000,0.0000,36947.0000,78.0000,-1.0000,-1.0000
593.0000,0.0000,3.0000,-1.0000,-1.0000,-1.0000,47.0000,0.0000,0.0000,-1.0000,7.0000,-1.0000,-1.0000
594.0000,0.0000,3.0000,-1.0000,-1.0000,-1.0000,-1.0000,0.0000,2.0000,364848.0000,7.0000,-1.0000,-1.0000
595.0000,0.0000,2.0000,-1.0000,-1.0000,-1.0000,37.0000,1.0000,0.0000,-1.0000,26.0000,-1.0000,-1.0000
596.0000,0.0000,3.0000,-1.0000,-1.0000,-1.0000,36.0000,1.0000,1.0000,345773.0000,24.0000,-1.0000,-1.0000
597.0000,1.0000,2.0000,-1.0000,-1.0000,-1.0000,-1.0000,0.0000,0.0000,248727.0000,33.0000,-1.0000,-1.0000
598.0000,0.0000,3.0000,-1.0000,-1.0000,-1.0000,49.0000,0.0000,0.0000,-1.0000,0.0000,-1.0000,-1.0000
599.0000,0.0000,3.0000,-1.0000,-1.0000,-1.0000,-1.0000,0.0000,0.0000,2664.0000,7.0000,-1.0000,-1.0000
600.0000,1.0000,1.0000,-1.0000,-1.0000,-1.0000,49.0000,1.0000,0.0000,-1.0000,56.0000,-1.0000,-1.0000
601.0000,1.0000,2.0000,-1.0000,-1.0000,-1.0000,24.0000,2.0000,1.0000,243847.0000,27.0000,-1.0000,-1.0000
602.0000,0.0000,3.0000,-1.0000,-1.0000,-1.0000,-1.0000,0.0000,0.0000,349214.0000,7.0000,-1.0000,-1.0000
603.0000,0.0000,1.0000,-1.0000,-1.0000,-1.0000,-1.0000,0.0000,0.0000,113796.0000,42.0000,-1.0000,-1.0000
604.0000,0.0000,3.0000,-1.0000,-1.0000,-1.0000,44.0000,0.0000,0.0000,364511.0000,8.0000,-1.0000,-1.0000
605.0000,1.0000,1.0000,-1.0000,-1.0000,-1.0000,35.0000,0.0000,0.0000,111426.0000,26.0000,-1.0000,-1.0000
606.0000,0.0000,3.0000,-1.0000,-1.0000,-1.0000,36.0000,1.0000,0.0000,349910.0000,15.0000,-1.0000,-1.0000
607.0000,0.0000,3.0000,-1.0000,-1.0000,-1.0000,30.0000,0.0000,0.0000,349246.0000,7.0000,-1.0000,-1.0000
608.0000,1.0000,1.0000,-1.0000,-1.0000,-1.0000,27.0000,0.0000,0.0000,113804.0000,30.0000,-1.0000,-1.0000
609.0000,1.0000,2.0000,-1.0000,-1.0000,-1.0000,22.0000,1.0000,2.0000,-1.0000,41.0000,-1.0000,-1.0000
610.0000,1.0000,1.0000,-1.0000,-1.0000,-1.0000,40.0000,0.0000,0.0000,-1.0000,153.0000,-1.0000,-1.0000
611.0000,0.0000,3.0000,-1.0000,-1.0000,-1.0000,39.0000,1.0000,5.0000,347082.0000,31.0000,-1.0000,-1.0000
612.0000,0.0000,3.0000,-1.0000,-1.0000,-1.0000,-1.0000,0.0000,0.0000,-1.0000,7.0000,-1.0000,-1.0000
613.0000,1.0000,3.0000,-1.0000,-1.0000,-1.0000,-1.0000,1.0000,0.0000,367230.0000,15.0000,-1.0000,-1.0000
614.0000,0.0000,3.0000,-1.0000,-1.0000,-1.0000,-1.0000,0.0000,0.0000,370377.0000,7.0000,-1.0000,-1.0000
615.0000,0.0000,3.0000,-1.0000,-1.0000,-1.0000,35.0000,0.0000,0.0000,364512.0000,8.0000,-1.0000,-1.0000
616.0000,1.0000,2.0000,-1.0000,-1.0000,-1.0000,24.0000,1.0000,2.0000,220845.0000,65.0000,-1.0000,-1.0000
617.0000,0.0000,3.0000,-1.0000,-1.0000,-1.0000,34.0000,1.0000,1.0000,347080.0000,14.0000,-1.0000,-1.0000
618.0000,0.0000,3.0000,-1.0000,-1.0000,-1.0000,26.0000,1.0000,0.0000,-1.0000,16.0000,-1.0000,-1.0000
619.0000,1.0000,2.0000,-1.0000,-1.0000,-1.0000,4.0000,2.0000,1.0000,230136.0000,39.0000,-1.0000,-1.0000
620.0000,0.0000,2.0000,-1.0000,-1.0000,-1.0000,26.0000,0.0000,0.0000,31028.0000,10.0000,-1.0000,-1.0000
621.0000,0.0000,3.0000,-1.0000,-1.0000,-1.0000,27.0000,1.0000,0.0000,2659.0000,14.0000,-1.0000,-1.0000
622.0000,1.0000,1.0000,-1.0000,-1.0000,-1.0000,42.0000,1.0000,0.0000,11753.0000,52.0000,-1.0000,-1.0000
623.0000,1.0000,3.0000,-1.0000,-1.0000,-1.0000,20.0000,1.0000,1.0000,2653.0000,15.0000,-1.0000,-1.0000
624.0000,0.0000,3.0000,-1.0000,-1.0000,-1.0000,21.0000,0.0000,0.0000,350029.0000,7.0000,-1.0000,-1.0000
625.0000,0.0000,3.0000,-1.0000,-1.0000,-1.0000,21.0000,0.0000,0.0000,54636.0000,16.0000,-1.0000,-1.0000
626.0000,0.0000,1.0000,-1.0000,-1.0000,-1.0000,61.0000,0.0000,0.0000,36963.0000,32.0000,-1.0000,-1.0000
627.0000,0.0000,2.0000,-1.0000,-1.0000,-1.0000,57.0000,0.0000,0.0000,219533.0000,12.0000,-1.0000,-1.0000
628.0000,1.0000,1.0000,-1.0000,-1.0000,-1.0000,21.0000,0.0000,0.0000,13502.0000,77.0000,-1.0000,-1.0000
629.0000,0.0000,3.0000,-1.0000,-1.0000,-1.0000,26.0000,0.0000,0.0000,349224.0000,7.0000,-1.0000,-1.0000
630.0000,0.0000,3.0000,-1.0000,-1.0000,-1.0000,-1.0000,0.0000,0.0000,334912.0000,7.0000,-1.0000,-1.0000
631.0000,1.0000,1.0000,-1.0000,-1.0000,-1.0000,80.0000,0.0000,0.0000,27042.0000,30.0000,-1.0000,-1.0000
632.0000,0.0000,3.0000,-1.0000,-1.0000,-1.0000,51.0000,0.0000,0.0000,347743.0000,7.0000,-1.0000,-1.0000
633.0000,1.0000,1.0000,-1.0000,-1.0000,-1.0000,32.0000,0.0000,0.0000,13214.0000,30.0000,-1.0000,-1.0000
634.0000,0.0000,1.0000,-1.0000,-1.0000,-1.0000,-1.0000,0.0000,0.0000,112052.0000,0.0000,-1.0000,-1.0000
635.0000,0.0000,3.0000,-1.0000,-1.0000,-1.0000,9.0000,3.0000,2.0000,347088.0000,27.0000,-1.0000,-1.0000
636.0000,1.0000,2.0000,-1.0000,-1.0000,-1.0000,28.0000,0.0000,0.0000,237668.0000,13.0000,-1.0000,-1.0000
637.0000,0.0000,3.0000,-1.0000,-1.0000,-1.0000,32.0000,0.0000,0.0000,-1.0000,7.0000,-1.0000,-1.0000
638.0000,0.0000,2.0000,-1.0000,-1.0000,-1.0000,31.0000,1.0000,1.0000,-1.0000,26.0000,-1.0000,-1.0000
639.0000,0.0000,3.0000,-1.0000,-1.0000,-1.0000,41.0000,0.0000,5.0000,3101295.0000,39.0000,-1.0000,-1.0000
640.0000,0.0000,3.0000,-1.0000,-1.0000,-1.0000,-1.0000,1.0000,0.0000,376564.0000,16.0000,-1.0000,-1.0000
641.0000,0.0000,3.0000,-1.0000,-1.0000,-1.0000,20.0000,0.0000,0.0000,350050.0000,7.0000,-1.0000,-1.0000
642.0000,1.0000,1.0000,-1.0000,-1.0000,-1.0000,24.0000,0.0000,0.0000,-1.0000,69.0000,-1.0000,-1.0000
643.0000,0.0000,3.0000,-1.0000,-1.0000,-1.0000,2.0000,3.0000,2.0000,347088.0000,27.0000,-1.0000,-1.0000
644.0000,1.0000,3.0000,-1.0000,-1.0000,-1.0000,-1.0000,0.0000,0.0000,1601.0000,56.0000,-1.0000,-1.0000
645.0000,1.0000,3.0000,-1.0000,-1.0000,-1.0000,0.0000,2.0000,1.0000,2666.0000,19.0000,-1.0000,-1.0000
646.0000,1.0000,1.0000,-1.0000,-1.0000,-1.0000,48.0000,1.0000,0.0000,-1.0000,76.0000,-1.0000,-1.0000
647.0000,0.0000,3.0000,-1.0000,-1.0000,-1.0000,19.0000,0.0000,0.0000,349231.0000,7.0000,-1.0000,-1.0000
648.0000,1.0000,1.0000,-1.0000,-1.0000,-1.0000,56.0000,0.0000,0.0000,13213.0000,35.0000,-1.0000,-1.0000
649.0000,0.0000,3.0000,-1.0000,-1.0000,-1.0000,-1.0000,0.0000,0.0000,-1.0000,7.0000,-1.0000,-1.0000
650.0000,1.0000,3.0000,-1.0000,-1.0000,-1.0000,23.0000,0.0000,0.0000,-1.0000,7.0000,-1.0000,-1.0000
651.0000,0.0000,3.0000,-1.0000,-1.0000,-1.0000,-1.0000,0.0000,0.0000,349221.0000,7.0000,-1.0000,-1.0000
652.0000,1.0000,2.0000,-1.0000,-1.0000,-1.0000,18.0000,0.0000,1.0000,231919.0000,23.0000,-1.0000,-1.0000
653.0000,0.0000,3.0000,-1.0000,-1.0000,-1.0000,21.0000,0.0000,0.0000,8475.0000,8.0000,-1.0000,-1.0000
654.0000,1.0000,3.0000,-1.0000,-1.0000,-1.0000,-1.0000,0.0000,0.0000,330919.0000,7.0000,-1.0000,-1.0000
655.0000,0.0000,3.0000,-1.0000,-1.0000,-1.0000,18.0000,0.0000,0.0000,365226.0000,6.0000,-1.0000,-1.0000
656.0000,0.0000,2.0000,-1.0000,-1.0000,-1.0000,24.0000,2.0000,0.0000,-1.0000,73.0000,-1.0000,-1.0000
657.0000,0.0000,3.0000,-1.0000,-1.0000,-1.0000,-1.0000,0.0000,0.0000,349223.0000,7.0000,-1.0000,-1.0000
658.0000,0.0000,3.0000,-1.0000,-1.0000,-1.0000,32.0000,1.0000,1.0000,364849.0000,15.0000,-1.0000,-1.0000
659.0000,0.0000,2.0000,-1.0000,-1.0000,-1.0000,23.0000,0.0000,0.0000,29751.0000,13.0000,-1.0000,-1.0000
660.0000,0.0000,1.0000,-1.0000,-1.0000,-1.0000,58.0000,0.0000,2.0000,35273.0000,113.0000,-1.0000,-1.0000
661.0000,1.0000,1.0000,-1.0000,-1.0000,-1.0000,50.0000,2.0000,0.0000,-1.0000,133.0000,-1.0000,-1.0000
662.0000,0.0000,3.0000,-1.0000,-1.0000,-1.0000,40.0000,0.0000,0.0000,2623.0000,7.0000,-1.0000,-1.0000
663.0000,0.0000,1.0000,-1.0000,-1.0000,-1.0000,47.0000,0.0000,0.0000,5727.0000,25.0000,-1.0000,-1.0000
664.0000,0.0000,3.0000,-1.0000,-1.0000,-1.0000,36.0000,0.0000,0.0000,349210.0000,7.0000,-1.0000,-1.0000
665.0000,1.0000,3.0000,-1.0000,-1.0000,-1.0000,20.0000,1.0000,0.0000,-1.0000,7.0000,-1.0000,-1.0000
666.0000,0.0000,2.0000,-1.0000,-1.0000,-1.0000,32.0000,2.0000,0.0000,-1.0000,73.0000,-1.0000,-1.0000
667.0000,0.0000,2.0000,-1.0000,-1.0000,-1.0000,25.0000,0.0000,0.0000,234686.0000,13.0000,-1.0000,-1.0000
668.0000,0.0000,3.0000,-1.0000,-1.0000,-1.0000,-1.0000,0.0000,0.0000,312993.0000,7.0000,-1.0000,-1.0000
669.0000,0.0000,3.0000,-1.0000,-1.0000,-1.0000,43.0000,0.0000,0.0000,-1.0000,8.0000,-1.0000,-1.0000
670.0000,1.0000,1.0000,-1.0000,-1.0000,-1.0000,-1.0000,1.0000,0.0000,19996.0000,52.0000,-1.0000,-1.0000
671.0000,1.0000,2.0000,-1.0000,-1.0000,-1.0000,40.0000,1.0000,1.0000,29750.0000,39.0000,-1.0000,-1.0000
672.0000,0.0000,1.0000,-1.0000,-1.0000,-1.0000,31.0000,1.0000,0.0000,-1.0000,52.0000,-1.0000,-1.0000
673.0000,0.0000,2.0000,-1.0000,-1.0000,-1.0000,70.0000,0.0000,0.0000,-1.0000,10.0000,-1.0000,-1.0000
674.0000,1.0000,2.0000,-1.0000,-1.0000,-1.0000,31.0000,0.0000,0.0000,244270.0000,13.0000,-1.0000,-1.0000
675.0000,0.0000,2.0000,-1.0000,-1.0000,-1.0000,-1.0000,0.0000,0.0000,239856.0000,0.0000,-1.0000,-1.0000
676.0000,0.0000,3.0000,-1.0000,-1.0000,-1.0000,18.0000,0.0000,0.0000,349912.0000,7.0000,-1.0000,-1.0000
677.0000,0.0000,3.0000,-1.0000,-1.0000,-1.0000,24.0000,0.0000,0.0000,342826.0000,8.0000,-1.0000,-1.0000
678.0000,1.0000,3.0000,-1.0000,-1.0000,-1.0000,18.0000,0.0000,0.0000,4138.0000,9.0000,-1.0000,-1.0000
679.0000,0.0000,3.0000,-1.0000,-1.0000,-1.0000,43.0000,1.0000,6.0000,-1.0000,46.0000,-1.0000,-1.0000
680.0000,1.0000,1.0000,-1.0000,-1.0000,-1.0000,36.0000,0.0000,1.0000,-1.0000,512.0000,-1.0000,-1.0000
681.0000,0.0000,3.0000,-1.0000,-1.0000,-1.0000,-1.0000,0.0000,0.0000,330935.0000,8.0000,-1.0000,-1.0000
682.0000,1.0000,1.0000,-1.0000,-1.0000,-1.0000,27.0000,0.0000,0.0000,-1.0000,76.0000,-1.0000,-1.0000
683.0000,0.0000,3.0000,-1.0000,-1.0000,-1.0000,20.0000,0.0000,0.0000,6563.0000,9.0000,-1.0000,-1.0000
684.0000,0.0000,3.0000,-1.0000,-1.0000,-1.0000,14.0000,5.0000,2.0000,-1.0000,46.0000,-1.0000,-1.0000
685.0000,0.0000,2.0000,-1.0000,-1.0000,-1.0000,60.0000,1.0000,1.0000,29750.0000,39.0000,-1.0000,-1.0000
686.0000,0.0000,2.0000,-1.0000,-1.0000,-1.0000,25.0000,1.0000,2.0000,-1.0000,41.0000,-1.0000,-1.0000
687.0000,0.0000,3.0000,-1.0000,-1.0000,-1.0000,14.0000,4.0000,1.0000,3101295.0000,39.0000,-1.0000,-1.0000
688.0000,0.0000,3.0000,-1.0000,-1.0000,-1.0000,19.0000,0.0000,0.0000,349228.0000,10.0000,-1.0000,-1.0000
689.0000,0.0000,3.0000,-1.0000,-1.0000,-1.0000,18.0000,0.0000,0.0000,350036.0000,7.0000,-1.0000,-1.0000
690.0000,1.0000,1.0000,-1.0000,-1.0000,-1.0000,15.0000,0.0000,1.0000,24160.0000,211.0000,-1.0000,-1.0000
691.0000,1.0000,1.0000,-1.0000,-1.0000,-1.0000,31.0000,1.0000,0.0000,17474.0000,57.0000,-1.0000,-1.0000
692.0000,1.0000,3.0000,-1.0000,-1.0000,-1.0000,4.0000,0.0000,1.0000,349256.0000,13.0000,-1.0000,-1.0000
693.0000,1.0000,3.0000,-1.0000,-1.0000,-1.0000,-1.0000,0.0000,0.0000,1601.0000,56.0000,-1.0000,-1.0000
694.0000,0.0000,3.0000,-1.0000,-1.0000,-1.0000,25.0000,0.0000,0.0000,2672.0000,7.0000,-1.0000,-1.0000
695.0000,0.0000,1.0000,-1.0000,-1.0000,-1.0000,60.0000,0.0000,0.0000,113800.0000,26.0000,-1.0000,-1.0000
696.0000,0.0000,2.0000,-1.0000,-1.0000,-1.0000,52.0000,0.0000,0.0000,248731.0000,13.0000,-1.0000,-1.0000
697.0000,0.0000,3.0000,-1.0000,-1.0000,-1.0000,44.0000,0.0000,0.0000,363592.0000,8.0000,-1.0000,-1.0000
698.0000,1.0000,3.0000,-1.0000,-1.0000,-1.0000,-1.0000,0.0000,0.0000,35852.0000,7.0000,-1.0000,-1.0000
699.0000,0.0000,1.0000,-1.0000,-1.0000,-1.0000,49.0000,1.0000,1.0000,17421.0000,110.0000,-1.0000,-1.0000
700.0000,0.0000,3.0000,-1.0000,-1.0000,-1.0000,42.0000,0.0000,0.0000,348121.0000,7.0000,-1.0000,-1.0000
701.0000,1.0000,1.0000,-1.0000,-1.0000,-1.0000,18.0000,1.0000,0.0000,-1.0000,227.0000,-1.0000,-1.0000
702.0000,1.0000,1.0000,-1.0000,-1.0000,-1.0000,35.0000,0.0000,0.0000,-1.0000,26.0000,-1.0000,-1.0000
703.0000,0.0000,3.0000,-1.0000,-1.0000,-1.0000,18.0000,0.0000,1.0000,2691.0000,14.0000,-1.0000,-1.0000
704.0000,0.0000,3.0000,-1.0000,-1.0000,-1.0000,25.0000,0.0000,0.0000,36864.0000,7.0000,-1.0000,-1.0000
705.0000,0.0000,3.0000,-1.0000,-1.0000,-1.0000,26.0000,1.0000,0.0000,350025.0000,7.0000,-1.0000,-1.0000
706.0000,0.0000,2.0000,-1.0000,-1.0000,-1.0000,39.0000,0.0000,0.0000,250655.0000,26.0000,-1.0000,-1.0000
707.0000,1.0000,2.0000,-1.0000,-1.0000,-1.0000,45.0000,0.0000,0.0000,223596.0000,13.0000,-1.0000,-1.0000
708.0000,1.0000,1.0000,-1.0000,-1.0000,-1.0000,42.0000,0.0000,0.0000,-1.0000,26.0000,-1.0000,-1.0000
709.0000,1.0000,1.0000,-1.0000,-1.0000,-1.0000,22.0000,0.0000,0.0000,113781.0000,151.0000,-1.0000,-1.0000
710.0000,1.0000,3.0000,-1.0000,-1.0000,-1.0000,-1.0000,1.0000,1.0000,2661.0000,15.0000,-1.0000,-1.0000
711.0000,1.0000,1.0000,-1.0000,-1.0000,-1.0000,24.0000,0.0000,0.0000,-1.0000,49.0000,-1.0000,-1.0000
712.0000,0.0000,1.0000,-1.0000,-1.0000,-1.0000,-1.0000,0.0000,0.0000,113028.0000,26.0000,-1.0000,-1.0000
713.0000,1.0000,1.0000,-1.0000,-1.0000,-1.0000,48.0000,1.0000,0.0000,19996.0000,52.0000,-1.0000,-1.0000
714.0000,0.0000,3.0000,-1.0000,-1.0000,-1.0000,29.0000,0.0000,0.0000,7545.0000,9.0000,-1.0000,-1.0000
715.0000,0.0000,2.0000,-1.0000,-1.0000,-1.0000,52.0000,0.0000,0.0000,250647.0000,13.0000,-1.0000,-1.0000
716.0000,0.0000,3.0000,-1.0000,-1.0000,-1.0000,19.0000,0.0000,0.0000,348124.0000,7.0000,-1.0000,-1.0000
717.0000,1.0000,1.0000,-1.0000,-1.0000,-1.0000,38.0000,0.0000,0.0000,-1.0000,227.0000,-1.0000,-1.0000
718.0000,1.0000,2.0000,-1.0000,-1.0000,-1.0000,27.0000,0.0000,0.0000,34218.0000,10.0000,-1.0000,-1.0000
719.0000,0.0000,3.0000,-1.0000,-1.0000,-1.0000,-1.0000,0.0000,0.0000,36568.0000,15.0000,-1.0000,-1.0000
720.0000,0.0000,3.0000,-1.0000,-1.0000,-1.0000,33.0000,0.0000,0.0000,347062.0000,7.0000,-1.0000,-1.0000
721.0000,1.0000,2.0000,-1.0000,-1.0000,-1.0000,6.0000,0.0000,1.0000,248727.0000,33.0000,-1.0000,-1.0000
722.0000,0.0000,3.0000,-1.0000,-1.0000,-1.0000,17.0000,1.0000,0.0000,350048.0000,7.0000,-1.0000,-1.0000
723.0000,0.0000,2.0000,-1.0000,-1.0000,-1.0000,34.0000,0.0000,0.0000,12233.0000,13.0000,-1.0000,-1.0000
724.0000,0.0000,2.0000,-1.0000,-1.0000,-1.0000,50.0000,0.0000,0.0000,250643.0000,13.0000,-1.0000,-1.0000
725.0000,1.0000,1.0000,-1.0000,-1.0000,-1.0000,27.0000,1.0000,0.0000,113806.0000,53.0000,-1.0000,-1.0000
726.0000,0.0000,3.0000,-1.0000,-1.0000,-1.0000,20.0000,0.0000,0.0000,315094.0000,8.0000,-1.0000,-1.0000
727.0000,1.0000,2.0000,-1.0000,-1.0000,-1.0000,30.0000,3.0000,0.0000,31027.0000,21.0000,-1.0000,-1.0000
728.0000,1.0000,3.0000,-1.0000,-1.0000,-1.0000,-1.0000,0.0000,0.0000,36866.0000,7.0000,-1.0000,-1.0000
729.0000,0.0000,2.0000,-1.0000,-1.0000,-1.0000,25.0000,1.0000,0.0000,236853.0000,26.0000,-1.0000,-1.0000
730.0000,0.0000,3.0000,-1.0000,-1.0000,-1.0000,25.0000,1.0000,0.0000,-1.0000,7.0000,-1.0000,-1.0000
731.0000,1.0000,1.0000,-1.0000,-1.0000,-1.0000,29.0000,0.0000,0.0000,24160.0000,211.0000,-1.0000,-1.0000
732.0000,0.0000,3.0000,-1.0000,-1.0000,-1.0000,11.0000,0.0000,0.0000,2699.0000,18.0000,-1.0000,-1.0000
733.0000,0.0000,2.0000,-1.0000,-1.0000,-1.0000,-1.0000,0.0000,0.0000,239855.0000,0.0000,-1.0000,-1.0000
734.0000,0.0000,2.0000,-1.0000,-1.0000,-1.0000,23.0000,0.0000,0.0000,28425.0000,13.0000,-1.0000,-1.0000
735.0000,0.0000,2.0000,-1.0000,-1.0000,-1.0000,23.0000,0.0000,0.0000,233639.0000,13.0000,-1.0000,-1.0000
736.0000,0.0000,3.0000,-1.0000,-1.0000,-1.0000,28.0000,0.0000,0.0000,54636.0000,16.0000,-1.0000,-1.0000
737.0000,0.0000,3.0000,-1.0000,-1.0000,-1.0000,48.0000,1.0000,3.0000,-1.0000,34.0000,-1.0000,-1.0000
738.0000,1.0000,1.0000,-1.0000,-1.0000,-1.0000,35.0000,0.0000,0.0000,-1.0000,512.0000,-1.0000,-1.0000
739.0000,0.0000,3.0000,-1.0000,-1.0000,-1.0000,-1.0000,0.0000,0.0000,349201.0000,7.0000,-1.0000,-1.0000
740.0000,0.0000,3.0000,-1.0000,-1.0000,-1.0000,-1.0000,0.0000,0.0000,349218.0000,7.0000,-1.0000,-1.0000
741.0000,1.0000,1.0000,-1.0000,-1.0000,-1.0000,-1.0000,0.0000,0.0000,16988.0000,30.0000,-1.0000,-1.0000
742.0000,0.0000,1.0000,-1.0000,-1.0000,-1.0000,36.0000,1.0000,0.0000,19877.0000,78.0000,-1.0000,-1.0000
743.0000,1.0000,1.0000,-1.0000,-1.0000,-1.0000,21.0000,2.0000,2.0000,-1.0000,262.0000,-1.0000,-1.0000
744.0000,0.0000,3.0000,-1.0000,-1.0000,-1.0000,24.0000,1.0000,0.0000,376566.0000,16.0000,-1.0000,-1.0000
745.0000,1.0000,3.0000,-1.0000,-1.0000,-1.0000,31.0000,0.0000,0.0000,-1.0000,7.0000,-1.0000,-1.0000
746.0000,0.0000,1.0000,-1.0000,-1.0000,-1.0000,70.0000,1.0000,1.0000,-1.0000,71.0000,-1.0000,-1.0000
747.0000,0.0000,3.0000,-1.0000,-1.0000,-1.0000,16.0000,1.0000,1.0000,-1.0000,20.0000,-1.0000,-1.0000
748.0000,1.0000,2.0000,-1.0000,-1.0000,-1.0000,30.0000,0.0000,0.0000,250648.0000,13.0000,-1.0000,-1.0000
749.0000,0.0000,1.0000,-1.0000,-1.0000,-1.0000,19.0000,1.0000,0.0000,113773.0000,53.0000,-1.0000,-1.0000
750.0000,0.0000,3.0000,-1.0000,-1.0000,-1.0000,31.0000,0.0000,0.0000,335097.0000,7.0000,-1.0000,-1.0000
751.0000,1.0000,2.0000,-1.0000,-1.0000,-1.0000,4.0000,1.0000,1.0000,29103.0000,23.0000,-1.0000,-1.0000
752.0000,1.0000,3.0000,-1.0000,-1.0000,-1.0000,6.0000,0.0000,1.0000,392096.0000,12.0000,-1.0000,-1.0000
753.0000,0.0000,3.0000,-1.0000,-1.0000,-1.0000,33.0000,0.0000,0.0000,345780.0000,9.0000,-1.0000,-1.0000
754.0000,0.0000,3.0000,-1.0000,-1.0000,-1.0000,23.0000,0.0000,0.0000,349204.0000,7.0000,-1.0000,-1.0000
755.0000,1.0000,2.0000,-1.0000,-1.0000,-1.0000,48.0000,1.0000,2.0000,220845.0000,65.0000,-1.0000,-1.0000
756.0000,1.0000,2.0000,-1.0000,-1.0000,-1.0000,0.0000,1.0000,1.0000,250649.0000,14.0000,-1.0000,-1.0000
757.0000,0.0000,3.0000,-1.0000,-1.0000,-1.0000,28.0000,0.0000,0.0000,350042.0000,7.0000,-1.0000,-1.0000
758.0000,0.0000,2.0000,-1.0000,-1.0000,-1.0000,18.0000,0.0000,0.0000,29108.0000,11.0000,-1.0000,-1.0000
759.0000,0.0000,3.0000,-1.0000,-1.0000,-1.0000,34.0000,0.0000,0.0000,363294.0000,8.0000,-1.0000,-1.0000
760.0000,1.0000,1.0000,-1.0000,-1.0000,-1.0000,33.0000,0.0000,0.0000,110152.0000,86.0000,-1.0000,-1.0000
761.0000,0.0000,3.0000,-1.0000,-1.0000,-1.0000,-1.0000,0.0000,0.0000,358585.0000,14.0000,-1.0000,-1.0000
762.0000,0.0000,3.0000,-1.0000,-1.0000,-1.0000,41.0000,0.0000,0.0000,-1.0000,7.0000,-1.0000,-1.0000
763.0000,1.0000,3.0000,-1.0000,-1.0000,-1.0000,20.0000,0.0000,0.0000,2663.0000,7.0000,-1.0000,-1.0000
764.0000,1.0000,1.0000,-1.0000,-1.0000,-1.0000,36.0000,1.0000,2.0000,113760.0000,120.0000,-1.0000,-1.0000
765.0000,0.0000,3.0000,-1.0000,-1.0000,-1.0000,16.0000,0.0000,0.0000,347074.0000,7.0000,-1.0000,-1.0000
766.0000,1.0000,1.0000,-1.0000,-1.0000,-1.0000,51.0000,1.0000,0.0000,13502.0000,77.0000,-1.0000,-1.0000
767.0000,0.0000,1.0000,-1.0000,-1.0000,-1.0000,-1.0000,0.0000,0.0000,112379.0000,39.0000,-1.0000,-1.0000
768.0000,0.0000,3.0000,-1.0000,-1.0000,-1.0000,30.0000,0.0000,0.0000,364850.0000,7.0000,-1.0000,-1.0000
769.0000,0.0000,3.0000,-1.0000,-1.0000,-1.0000,-1.0000,1.0000,0.0000,371110.0000,24.0000,-1.0000,-1.0000
770.0000,0.0000,3.0000,-1.0000,-1.0000,-1.0000,32.0000,0.0000,0.0000,8471.0000,8.0000,-1.0000,-1.0000
771.0000,0.0000,3.0000,-1.0000,-1.0000,-1.0000,24.0000,0.0000,0.0000,345781.0000,9.0000,-1.0000,-1.0000
772.0000,0.0000,3.0000,-1.0000,-1.0000,-1.0000,48.0000,0.0000,0.0000,350047.0000,7.0000,-1.0000,-1.0000
773.0000,0.0000,2.0000,-1.0000,-1.0000,-1.0000,57.0000,0.0000,0.0000,-1.0000,10.0000,-1.0000,-1.0000
774.0000,0.0000,3.0000,-1.0000,-1.0000,-1.0000,-1.0000,0.0000,0.0000,2674.0000,7.0000,-1.0000,-1.0000
775.0000,1.0000,2.0000,-1.0000,-1.0000,-1.0000,54.0000,1.0000,3.0000,29105.0000,23.0000,-1.0000,-1.0000
776.0000,0.0000,3.0000,-1.0000,-1.0000,-1.0000,18.0000,0.0000,0.0000,347078.0000,7.0000,-1.0000,-1.0000
777.0000,0.0000,3.0000,-1.0000,-1.0000,-1.0000,-1.0000,0.0000,0.0000,383121.0000,7.0000,-1.0000,-1.0000
778.0000,1.0000,3.0000,-1.0000,-1.0000,-1.0000,5.0000,0.0000,0.0000,364516.0000,12.0000,-1.0000,-1.0000
779.0000,0.0000,3.0000,-1.0000,-1.0000,-1.0000,-1.0000,0.0000,0.0000,36865.0000,7.0000,-1.0000,-1.0000
780.0000,1.0000,1.0000,-1.0000,-1.0000,-1.0000,43.0000,0.0000,1.0000,24160.0000,211.0000,-1.0000,-1.0000
781.0000,1.0000,3.0000,-1.0000,-1.0000,-1.0000,13.0000,0.0000,0.0000,2687.0000,7.0000,-1.0000,-1.0000
782.0000,1.0000,1.0000,-1.0000,-1.0000,-1.0000,17.0000,1.0000,0.0000,17474.0000,57.0000,-1.0000,-1.0000
783.0000,0.0000,1.0000,-1.0000,-1.0000,-1.0000,29.0000,0.0000,0.0000,113501.0000,30.0000,-1.0000,-1.0000
784.0000,0.0000,3.0000,-1.0000,-1.0000,-1.0000,-1.0000,1.0000,2.0000,-1.0000,23.0000,-1.0000,-1.0000
785.0000,0.0000,3.0000,-1.0000,-1.0000,-1.0000,25.0000,0.0000,0.0000,-1.0000,7.0000,-1.0000,-1.0000
786.0000,0.0000,3.0000,-1.0000,-1.0000,-1.0000,25.0000,0.0000,0.0000,374887.0000,7.0000,-1.0000,-1.0000
787.0000,1.0000,3.0000,-1.0000,-1.0000,-1.0000,18.0000,0.0000,0.0000,3101265.0000,7.0000,-1.0000,-1.0000
788.0000,0.0000,3.0000,-1.0000,-1.0000,-1.0000,8.0000,4.0000,1.0000,382652.0000,29.0000,-1.0000,-1.0000
789.0000,1.0000,3.0000,-1.0000,-1.0000,-1.0000,1.0000,1.0000,2.0000,-1.0000,20.0000,-1.0000,-1.0000
790.0000,0.0000,1.0000,-1.0000,-1.0000,-1.0000,46.0000,0.0000,0.0000,-1.0000,79.0000,-1.0000,-1.0000
791.0000,0.0000,3.0000,-1.0000,-1.0000,-1.0000,-1.0000,0.0000,0.0000,12460.0000,7.0000,-1.0000,-1.0000
792.0000,0.0000,2.0000,-1.0000,-1.0000,-1.0000,16.0000,0.0000,0.0000,239865.0000,26.0000,-1.0000,-1.0000
793.0000,0.0000,3.0000,-1.0000,-1.0000,-1.0000,-1.0000,8.0000,2.0000,-1.0000,69.0000,-1.0000,-1.0000
794.0000,0.0000,1.0000,-1.0000,-1.0000,-1.0000,-1.0000,0.0000,0.0000,-1.0000,30.0000,-1.0000,-1.0000
795.0000,0.0000,3.0000,-1.0000,-1.0000,-1.0000,25.0000,0.0000,0.0000,349203.0000,7.0000,-1.0000,-1.0000
796.0000,0.0000,2.0000,-1.0000,-1.0000,-1.0000,39.0000,0.0000,0.0000,28213.0000,13.0000,-1.0000,-1.0000
797.0000,1.0000,1.0000,-1.0000,-1.0000,-1.0000,49.0000,0.0000,0.0000,17465.0000,25.0000,-1.0000,-1.0000
798.0000,1.0000,3.0000,-1.0000,-1.0000,-1.0000,31.0000,0.0000,0.0000,349244.0000,8.0000,-1.0000,-1.0000
799.0000,0.0000,3.0000,-1.0000,-1.0000,-1.0000,30.0000,0.0000,0.0000,2685.0000,7.0000,-1.0000,-1.0000
800.0000,0.0000,3.0000,-1.0000,-1.0000,-1.0000,30.0000,1.0000,1.0000,345773.0000,24.0000,-1.0000,-1.0000
801.0000,0.0000,2.0000,-1.0000,-1.0000,-1.0000,34.0000,0.0000,0.0000,250647.0000,13.0000,-1.0000,-1.0000
802.0000,1.0000,2.0000,-1.0000,-1.0000,-1.0000,31.0000,1.0000,1.0000,-1.0000,26.0000,-1.0000,-1.0000
803.0000,1.0000,1.0000,-1.0000,-1.0000,-1.0000,11.0000,1.0000,2.0000,113760.0000,120.0000,-1.0000,-1.0000
804.0000,1.0000,3.0000,-1.0000,-1.0000,-1.0000,0.0000,0.0000,1.0000,2625.0000,8.0000,-1.0000,-1.0000
805.0000,1.0000,3.0000,-1.0000,-1.0000,-1.0000,27.0000,0.0000,0.0000,347089.0000,6.0000,-1.0000,-1.0000
806.0000,0.0000,3.0000,-1.0000,-1.0000,-1.0000,31.0000,0.0000,0.0000,347063.0000,7.0000,-1.0000,-1.0000
807.0000,0.0000,1.0000,-1.0000,-1.0000,-1.0000,39.0000,0.0000,0.0000,112050.0000,0.0000,-1.0000,-1.0000
808.0000,0.0000,3.0000,-1.0000,-1.0000,-1.0000,18.0000,0.0000,0.0000,347087.0000,7.0000,-1.0000,-1.0000
809.0000,0.0000,2.0000,-1.0000,-1.0000,-1.0000,39.0000,0.0000,0.0000,248723.0000,13.0000,-1.0000,-1.0000
810.0000,1.0000,1.0000,-1.0000,-1.0000,-1.0000,33.0000,1.0000,0.0000,113806.0000,53.0000,-1.0000,-1.0000
811.0000,0.0000,3.0000,-1.0000,-1.0000,-1.0000,26.0000,0.0000,0.0000,3474.0000,7.0000,-1.0000,-1.0000
812.0000,0.0000,3.0000,-1.0000,-1.0000,-1.0000,39.0000,0.0000,0.0000,-1.0000,24.0000,-1.0000,-1.0000
813.0000,0.0000,2.0000,-1.0000,-1.0000,-1.0000,35.0000,0.0000,0.0000,28206.0000,10.0000,-1.0000,-1.0000
814.0000,0.0000,3.0000,-1.0000,-1.0000,-1.0000,6.0000,4.0000,2.0000,347082.0000,31.0000,-1.0000,-1.0000
815.0000,0.0000,3.0000,-1.0000,-1.0000,-1.0000,30.0000,0.0000,0.0000,364499.0000,8.0000,-1.0000,-1.0000
816.0000,0.0000,1.0000,-1.0000,-1.0000,-1.0000,-1.0000,0.0000,0.0000,112058.0000,0.0000,-1.0000,-1.0000
817.0000,0.0000,3.0000,-1.0000,-1.0000,-1.0000,23.0000,0.0000,0.0000,-1.0000,7.0000,-1.0000,-1.0000
818.0000,0.0000,2.0000,-1.0000,-1.0000,-1.0000,31.0000,1.0000,1.0000,-1.0000,37.0000,-1.0000,-1.0000
819.0000,0.0000,3.0000,-1.0000,-1.0000,-1.0000,43.0000,0.0000,0.0000,-1.0000,6.0000,-1.0000,-1.0000
820.0000,0.0000,3.0000,-1.0000,-1.0000,-1.0000,10.0000,3.0000,2.0000,347088.0000,27.0000,-1.0000,-1.0000
821.0000,1.0000,1.0000,-1.0000,-1.0000,-1.0000,52.0000,1.0000,1.0000,12749.0000,93.0000,-1.0000,-1.0000
822.0000,1.0000,3.0000,-1.0000,-1.0000,-1.0000,27.0000,0.0000,0.0000,315098.0000,8.0000,-1.0000,-1.0000
823.0000,0.0000,1.0000,-1.0000,-1.0000,-1.0000,38.0000,0.0000,0.0000,19972.0000,0.0000,-1.0000,-1.0000
824.0000,1.0000,3.0000,-1.0000,-1.0000,-1.0000,27.0000,0.0000,1.0000,392096.0000,12.0000,-1.0000,-1.0000
825.0000,0.0000,3.0000,-1.0000,-1.0000,-1.0000,2.0000,4.0000,1.0000,3101295.0000,39.0000,-1.0000,-1.0000
826.0000,0.0000,3.0000,-1.0000,-1.0000,-1.0000,-1.0000,0.0000,0.0000,368323.0000,6.0000,-1.0000,-1.0000
827.0000,0.0000,3.0000,-1.0000,-1.0000,-1.0000,-1.0000,0.0000,0.0000,1601.0000,56.0000,-1.0000,-1.0000
828.0000,1.0000,2.0000,-1.0000,-1.0000,-1.0000,1.0000,0.0000,2.0000,-1.0000,37.0000,-1.0000,-1.0000
829.0000,1.0000,3.0000,-1.0000,-1.0000,-1.0000,-1.0000,0.0000,0.0000,367228.0000,7.0000,-1.0000,-1.0000
830.0000,1.0000,1.0000,-1.0000,-1.0000,-1.0000,62.0000,0.0000,0.0000,113572.0000,80.0000,-1.0000,-1.0000
831.0000,1.0000,3.0000,-1.0000,-1.0000,-1.0000,15.0000,1.0000,0.0000,2659.0000,14.0000,-1.0000,-1.0000
832.0000,1.0000,2.0000,-1.0000,-1.0000,-1.0000,0.0000,1.0000,1.0000,29106.0000,18.0000,-1.0000,-1.0000
833.0000,0.0000,3.0000,-1.0000,-1.0000,-1.0000,-1.0000,0.0000,0.0000,2671.0000,7.0000,-1.0000,-1.0000
834.0000,0.0000,3.0000,-1.0000,-1.0000,-1.0000,23.0000,0.0000,0.0000,347468.0000,7.0000,-1.0000,-1.0000
835.0000,0.0000,3.0000,-1.0000,-1.0000,-1.0000,18.0000,0.0000,0.0000,2223.0000,8.0000,-1.0000,-1.0000
836.0000,1.0000,1.0000,-1.0000,-1.0000,-1.0000,39.0000,1.0000,1.0000,-1.0000,83.0000,-1.0000,-1.0000
837.0000,0.0000,3.0000,-1.0000,-1.0000,-1.0000,21.0000,0.0000,0.0000,315097.0000,8.0000,-1.0000,-1.0000
838.0000,0.0000,3.0000,-1.0000,-1.0000,-1.0000,-1.0000,0.0000,0.0000,392092.0000,8.0000,-1.0000,-1.0000
839.0000,1.0000,3.0000,-1.0000,-1.0000,-1.0000,32.0000,0.0000,0.0000,1601.0000,56.0000,-1.0000,-1.0000
840.0000,1.0000,1.0000,-1.0000,-1.0000,-1.0000,-1.0000,0.0000,0.0000,11774.0000,29.0000,-1.0000,-1.0000
841.0000,0.0000,3.0000,-1.0000,-1.0000,-1.0000,20.0000,0.0000,0.0000,-1.0000,7.0000,-1.0000,-1.0000
842.0000,0.0000,2.0000,-1.0000,-1.0000,-1.0000,16.0000,0.0000,0.0000,-1.0000,10.0000,-1.0000,-1.0000
843.0000,1.0000,1.0000,-1.0000,-1.0000,-1.0000,30.0000,0.0000,0.0000,113798.0000,31.0000,-1.0000,-1.0000
844.0000,0.0000,3.0000,-1.0000,-1.0000,-1.0000,34.0000,0.0000,0.0000,2683.0000,6.0000,-1.0000,-1.0000
845.0000,0.0000,3.0000,-1.0000,-1.0000,-1.0000,17.0000,0.0000,0.0000,315090.0000,8.0000,-1.0000,-1.0000
846.0000,0.0000,3.0000,-1.0000,-1.0000,-1.0000,42.0000,0.0000,0.0000,-1.0000,7.0000,-1.0000,-1.0000
847.0000,0.0000,3.0000,-1.0000,-1.0000,-1.0000,-1.0000,8.0000,2.0000,-1.0000,69.0000,-1.0000,-1.0000
848.0000,0.0000,3.0000,-1.0000,-1.0000,-1.0000,35.0000,0.0000,0.0000,349213.0000,7.0000,-1.0000,-1.0000
849.0000,0.0000,2.0000,-1.0000,-1.0000,-1.0000,28.0000,0.0000,1.0000,248727.0000,33.0000,-1.0000,-1.0000
850.0000,1.0000,1.0000,-1.0000,-1.0000,-1.0000,-1.0000,1.0000,0.0000,17453.0000,89.0000,-1.0000,-1.0000
851.0000,0.0000,3.0000,-1.0000,-1.0000,-1.0000,4.0000,4.0000,2.0000,347082.0000,31.0000,-1.0000,-1.0000
852.0000,0.0000,3.0000,-1.0000,-1.0000,-1.0000,74.0000,0.0000,0.0000,347060.0000,7.0000,-1.0000,-1.0000
853.0000,0.0000,3.0000,-1.0000,-1.0000,-1.0000,9.0000,1.0000,1.0000,2678.0000,15.0000,-1.0000,-1.0000
854.0000,1.0000,1.0000,-1.0000,-1.0000,-1.0000,16.0000,0.0000,1.0000,-1.0000,39.0000,-1.0000,-1.0000
855.0000,0.0000,2.0000,-1.0000,-1.0000,-1.0000,44.0000,1.0000,0.0000,244252.0000,26.0000,-1.0000,-1.0000
856.0000,1.0000,3.0000,-1.0000,-1.0000,-1.0000,18.0000,0.0000,1.0000,392091.0000,9.0000,-1.0000,-1.0000
857.0000,1.0000,1.0000,-1.0000,-1.0000,-1.0000,45.0000,1.0000,1.0000,36928.0000,164.0000,-1.0000,-1.0000
858.0000,1.0000,1.0000,-1.0000,-1.0000,-1.0000,51.0000,0.0000,0.0000,113055.0000,26.0000,-1.0000,-1.0000
859.0000,1.0000,3.0000,-1.0000,-1.0000,-1.0000,24.0000,0.0000,3.0000,2666.0000,19.0000,-1.0000,-1.0000
860.0000,0.0000,3.0000,-1.0000,-1.0000,-1.0000,-1.0000,0.0000,0.0000,2629.0000,7.0000,-1.0000,-1.0000
861.0000,0.0000,3.0000,-1.0000,-1.0000,-1.0000,41.0000,2.0000,0.0000,350026.0000,14.0000,-1.0000,-1.0000
862.0000,0.0000,2.0000,-1.0000,-1.0000,-1.0000,21.0000,1.0000,0.0000,28134.0000,11.0000,-1.0000,-1.0000
863.0000,1.0000,1.0000,-1.0000,-1.0000,-1.0000,48.0000,0.0000,0.0000,17466.0000,25.0000,-1.0000,-1.0000
864.0000,0.0000,3.0000,-1.0000,-1.0000,-1.0000,-1.0000,8.0000,2.0000,-1.0000,69.0000,-1.0000,-1.0000
865.0000,0.0000,2.0000,-1.0000,-1.0000,-1.0000,24.0000,0.0000,0.0000,233866.0000,13.0000,-1.0000,-1.0000
866.0000,1.0000,2.0000,-1.0000,-1.0000,-1.0000,42.0000,0.0000,0.0000,236852.0000,13.0000,-1.0000,-1.0000
867.0000,1.0000,2.0000,-1.0000,-1.0000,-1.0000,27.0000,1.0000,0.0000,-1.0000,13.0000,-1.0000,-1.0000
868.0000,0.0000,1.0000,-1.0000,-1.0000,-1.0000,31.0000,0.0000,0.0000,-1.0000,50.0000,-1.0000,-1.0000
869.0000,0.0000,3.0000,-1.0000,-1.0000,-1.0000,-1.0000,0.0000,0.0000,345777.0000,9.0000,-1.0000,-1.0000
870.0000,1.0000,3.0000,-1.0000,-1.0000,-1.0000,4.0000,1.0000,1.0000,347742.0000,11.0000,-1.0000,-1.0000
871.0000,0.0000,3.0000,-1.0000,-1.0000,-1.0000,26.0000,0.0000,0.0000,349248.0000,7.0000,-1.0000,-1.0000
872.0000,1.0000,1.0000,-1.0000,-1.0000,-1.0000,47.0000,1.0000,1.0000,11751.0000,52.0000,-1.0000,-1.0000
873.0000,0.0000,1.0000,-1.0000,-1.0000,-1.0000,33.0000,0.0000,0.0000,695.0000,5.0000,-1.0000,-1.0000
874.0000,0.0000,3.0000,-1.0000,-1.0000,-1.0000,47.0000,0.0000,0.0000,345765.0000,9.0000,-1.0000,-1.0000
875.0000,1.0000,2.0000,-1.0000,-1.0000,-1.0000,28.0000,1.0000,0.0000,-1.0000,24.0000,-1.0000,-1.0000
876.0000,1.0000,3.0000,-1.0000,-1.0000,-1.0000,15.0000,0.0000,0.0000,2667.0000,7.0000,-1.0000,-1.0000
877.0000,0.0000,3.0000,-1.0000,-1.0000,-1.0000,20.0000,0.0000,0.0000,7534.0000,9.0000,-1.0000,-1.0000
878.0000,0.0000,3.0000,-1.0000,-1.0000,-1.0000,19.0000,0.0000,0.0000,349212.0000,7.0000,-1.0000,-1.0000
879.0000,0.0000,3.0000,-1.0000,-1.0000,-1.0000,-1.0000,0.0000,0.0000,349217.0000,7.0000,-1.0000,-1.0000
880.0000,1.0000,1.0000,-1.0000,-1.0000,-1.0000,56.0000,0.0000,1.0000,11767.0000,83.0000,-1.0000,-1.0000
881.0000,1.0000,2.0000,-1.0000,-1.0000,-1.0000,25.0000,0.0000,1.0000,230433.0000,26.0000,-1.0000,-1.0000
882.0000,0.0000,3.0000,-1.0000,-1.0000,-1.0000,33.0000,0.0000,0.0000,349257.0000,7.0000,-1.0000,-1.0000
883.0000,0.0000,3.0000,-1.0000,-1.0000,-1.0000,22.0000,0.0000,0.0000,7552.0000,10.0000,-1.0000,-1.0000
884.0000,0.0000,2.0000,-1.0000,-1.0000,-1.0000,28.0000,0.0000,0.0000,-1.0000,10.0000,-1.0000,-1.0000
885.0000,0.0000,3.0000,-1.0000,-1.0000,-1.0000,25.0000,0.0000,0.0000,-1.0000,7.0000,-1.0000,-1.0000
886.0000,0.0000,3.0000,-1.0000,-1.0000,-1.0000,39.0000,0.0000,5.0000,382652.0000,29.0000,-1.0000,-1.0000
887.0000,0.0000,2.0000,-1.0000,-1.0000,-1.0000,27.0000,0.0000,0.0000,211536.0000,13.0000,-1.0000,-1.0000
888.0000,1.0000,1.0000,-1.0000,-1.0000,-1.0000,19.0000,0.0000,0.0000,112053.0000,30.0000,-1.0000,-1.0000
889.0000,0.0000,3.0000,-1.0000,-1.0000,-1.0000,-1.0000,1.0000,2.0000,-1.0000,23.0000,-1.0000,-1.0000
890.0000,1.0000,1.0000,-1.0000,-1.0000,-1.0000,26.0000,0.0000,0.0000,111369.0000,30.0000,-1.0000,-1.0000
891.0000,0.0000,3.0000,-1.0000,-1.0000,-1.0000,32.0000,0.0000,0.0000,370376.0000,7.0000,-1.0000,-1.0000
